,,,,,zone,group,lang,group2,lang2,lang3,religion
AE,United Arab Emirates,9,39.9,1.634,Middle_East,Arab_League,Arabic,,Anglophone,Tagalog,
AF,Afghanistan,2,41.3,4.862,asiaCentral,None,,,,,Muslim
AG,Antigua and Barbuda,5,39,1.352,caribbean,CC,Anglophone,,,,
AI,Anguilla,4,39,,caribbean,CC,Anglophone,,,,
AL,Albania,6,29.4,3.168,Euro_med,None,,,,,Muslim
AM,Armenia,7,27.9,2.701,asiaCentral,CIS,,,,,
AO,Angola,3,51.3,2.014,africa,None,Lusophone,,,,
AR,Argentina,4,42,2.144,latam,Mercosur,Hispanic,,,,
AS,American Samoa,4,39,,oceania,PIF,Anglophone,,,,
AT,Austria,9,29.8,1.317,Euro_med,EU,German,OECD,,Anglophone,
AU,Australia,10,34.3,0.947,oceania,PIF,Anglophone,OECD-Anglosphere-TPP11,Anglosphere,,
AW,Aruba,7,39,1.463,caribbean,CC,Anglophone,,,,
AZ,Azerbaijan,6,43.4,2.297,asiaCentral,CIS,,,,,Muslim
BA,Bosnia and Herzegovina,6,33,2.623,Euro_med,None,,,,,Muslim
BB,Barbados,7,39,0.942,caribbean,CC,Anglophone,,,,
BD,Bangladesh,2,31.8,2.961,South_Asia,SASEC,Bengali diaspora,,,,Muslim
BE,Belgium,8,26,1.269,Euro_med,EU,Francophonie,OECD,Dutch,,
BF,Burkina Faso,3,43,3.165,africa,ECOWAS,Francophonie,,,,Muslim
BG,Bulgaria,8,40.5,2.305,Euro_med,EU,,,,,
BH,Bahrain,7,39,2.03,Middle_East,Arab_League,Arabic,,,,
BI,Burundi,3,38.6,2.752,africa,EAC,,,,,
BJ,Benin,3,39.9,3.306,africa,ECOWAS,Francophonie,,,,
BL,Saint Barthélemy,6,39,,caribbean,CC,Francophonie,,,,
BM,Bermuda,9,63,0.802,caribbean,CC,Anglophone,,,,
BN,Brunei Darussalam,6,39,1.865,SE_Asia,ASEAN3,Malay,,,,Muslim
BO,Bolivia,4,40.9,2.682,latam,Comunidad_Andina,Hispanic,,,,
BQ,Bonaire,4,39,,caribbean,CC,,,,,
BR,Brazil,5,51.4,1.182,latam,Mercosur,Lusophone,,,,
BS,Bahamas,8,53.3,1.301,caribbean,CC,Anglophone,,,,
BT,Bhutan,6,28.5,3.986,South_Asia,SASEC,,,,,
BW,Botswana,7,53.3,2.368,africa,None,,,,,
BY,Belarus,4,24.4,2.882,Euro_med,CIS,Russian,,,,
BZ,Belize,5,44,1.673,americas,None,Anglophone,,,,
CA,Canada,10,31.7,1.128,americas,Anglosphere,Anglophone,OECD-TPP11,,,
CC,Cocos (Keeling) Islands,4,39,,oceania,PIF,,,,,Muslim
CD,Congo (Democratic Republic of the),4,44.1,2.123,africa,None,Francophonie,,Congolese diaspora,,
CF,Central African Republic,1,43,2.202,africa,None,,,,,
CG,Congo,3,48.9,1.959,africa,None,Francophonie,,,,
CH,Switzerland,9,33.1,0.985,Euro_med,None,,OECD,,,
CI,Côte d'Ivoire,3,37.2,2.623,africa,ECOWAS,Francophonie,,,,
CK,Cook Islands,4,39,,oceania,PIF,,,,,
CL,Chile,9,43.9,1.907,latam,,Hispanic,OECD-TPP11,,,
CM,Cameroon,3,46.6,2.799,africa,None,Francophonie,,,,
CN,China,5,37.1,1.643,china,ASEAN3,Sinophone,,,,
CO,Colombia,8,50,3.326,americas,Comunidad_Andina,Hispanic,OECD,,,
CR,Costa Rica,6,47.2,1.912,americas,,Hispanic,OECD,,,
CU,Cuba,2,39,,latam,,Hispanic,,,,
CV,Cabo Verde,4,45.3,2.289,africa,ECOWAS,,,,,
CW,Curaçao,8,39,2.85,caribbean,CC,Anglophone,,,,
CX,Christmas Island,4,39,,oceania,PIF,,,,,
CY,Cyprus,6,31.7,1.602,Euro_med,EU,,OECD,,,
CZ,Czech Republic,9,26.2,2.173,Euro_med,EU,,OECD,,Anglophone,
DE,Germany,10,31.7,1.247,Euro_med,EU,German,OECD,,,
DJ,Djibouti,4,41.6,1.804,africa,Arab_League,Arabic,,,,
DK,Denmark,10,27.5,1.102,Euro_med,Scandinavia,,EU-OECD,,Anglophone,
DM,Dominica,6,39,1.651,caribbean,CC,Anglophone,,,,
DO,Dominican Republic,6,38.5,2.252,caribbean,CC,Hispanic,,,,
DZ,Algeria,4,39.1,3.01,Euro_med,Arab_League,Arabic,,,,
EC,Ecuador,5,45.5,2.006,latam,Comunidad_Andina,Hispanic,TPP11,,,
EE,Estonia,10,30.7,1.446,Euro_med,EU,,OECD,,,
EG,Egypt,6,31.9,11.646,Middle_East,Arab_League,Arabic,,,,
EH,Western Sahara,3,39,,africa,None,,,,,Muslim
ER,Eritrea,1,54.6,3.205,africa,None,,,,,Muslim
ES,Spain,9,34.9,1.491,Euro_med,EU,Hispanic,OECD,,,
ET,Ethiopia,4,45.5,3.09,africa,None,,,,,
FI,Finland,10,27.1,1.232,Euro_med,Scandinavia,,EU-OECD,EU,Anglophone,
FJ,Fiji,6,30.7,2.721,oceania,PIF,Anglophone,,,,
FK,Falkland Islands,3,39,0.679,americas,None,Anglophone,,,,
FM,Micronesia,4,39,0.901,oceania,PIF,Anglophone,,,,
FO,Faroe Islands,4,34,0.829,Euro_med,Scandinavia,,,,,
FR,France,9,30.7,1.26,Euro_med,EU,Francophonie,OECD,,,
GA,Gabon,3,40.1,1.863,africa,None,Francophonie,,,,
GB,United Kingdom,10,32.6,1.261,Euro_med,Anglosphere,Anglophone,OECD-TPP11,,,
GD,Grenada,4,39,1.762,caribbean,CC,Anglophone,,,,
GE,Georgia,6,34.2,3.035,Euro_med,None,,,,,
GF,French Guiana,4,39,,africa,None,Francophonie,,,,
GG,Guernsey,4,39,,Euro_med,None,Anglophone,,,,
GH,Ghana,6,43.5,3.318,africa,ECOWAS,Anglophone,,,,
GI,Gibraltar,4,39,0.807,Euro_med,None,Anglophone,,,,
GL,Greenland,3,36,0.706,americas,Scandinavia,,,,,
GM,Gambia,4,38.8,3.172,africa,ECOWAS,,,,,Muslim
GN,Guinea,2,29.6,2.186,africa,None,Francophonie,,,,Muslim
GP,Guadeloupe,5,39,,caribbean,CC,Francophonie,,,,
GQ,Equatorial Guinea,2,30.7,2.479,africa,,Hispanic,,,,
GR,Greece,8,33.6,1.89,Euro_med,EU,,OECD,,,
GT,Guatemala,6,47.3,2.087,americas,,Hispanic,,,,
GU,Guam,5,39,,oceania,PIF,Anglophone,,,,
GW,Guinea-Bissau,2,34.8,3.214,africa,None,Lusophone,,,,
GY,Guyana,4,53.3,2.327,americas,None,Anglophone,,,,
HK,Hong Kong,10,42.3,1.359,asiaEast,ASEAN3,Sinophone,OECD,Anglophone,,
HN,Honduras,5,48.2,2.231,americas,,Hispanic,,,,
HR,Croatia,9,29.5,2.192,Euro_med,EU,,,,,
HT,Haiti,2,41.1,1.887,caribbean,CC,Francophonie,,,,
HU,Hungary,8,29.7,2.537,Euro_med,EU,,OECD,,,
ID,Indonesia,5,37.9,1.302,SE_Asia,ASEAN3,Malay,,,,Muslim
IE,Ireland,10,29.2,1.22,Euro_med,EU,Anglophone,OECD,,,
IL,Israel,5,38.6,0.963,Euro_med,None,Jewish,OECD,,,
IM,Isle of Man,5,39,0.944,Euro_med,None,Anglophone,,,,
IN,India,5,35.2,3.395,South_Asia,SASEC,Hindi,,,,Muslim
IQ,Iraq,3,33.5,1.893,Middle_East,Arab_League,Arabic,,,,
IR,Iran,1,42.9,3.926,Middle_East,None,Farsi,,,,
IS,Iceland,10,26.1,0.941,Euro_med,Scandinavia,,OECD,,Anglophone,
IT,Italy,8,35.2,1.441,Euro_med,EU,Italian,OECD,,,
JE,Jersey,4,39,,Euro_med,None,Anglophone,,,,
JM,Jamaica,7,43.5,1.985,caribbean,CC,Anglophone,,,,
JO,Jordan,5,33.7,2.613,Middle_East,Arab_League,Arabic,,,,
JP,Japan,9,31.1,1.155,asiaEast,ASEAN3,Japanese,OECD-TPP11,,,
KE,Kenya,7,38.7,3.979,africa,EAC,Anglophone,,,,
KG,Kyrgyzstan,5,29,3.58,asiaCentral,CIS,,SCO,,,Muslim
KH,Cambodia,4,51.6,3.115,SE_Asia,ASEAN3,,,,,
KI,Kiribati,3,27.8,1.246,oceania,PIF,,,,,
KM,Comoros,3,45.3,2.597,africa,Arab_League,Arabic,,,,
KN,Saint Kitts and Nevis,6,39,1.676,caribbean,CC,Anglophone,,,,
KP,North Korea,0,63.1,1.7,asiaEast,None,,,,,
KR,South Korea,10,31.4,1.486,asiaEast,ASEAN3,Korean,OECD,,,
KW,Kuwait,5,51.9,1.42,Middle_East,Arab_League,Arabic,,,,
KY,Cayman Islands,8,39,0.793,caribbean,CC,Anglophone,,,,
KZ,Kazakhstan,6,42.2,2.835,asiaCentral,CIS,,SCO,,,Muslim
LA,Lao People's Democratic Republic,4,38.8,4.508,SE_Asia,ASEAN3,,,,,
LB,Lebanon,4,33.8,3.562,Euro_med,Arab_League,Arabic,,,,
LC,Saint Lucia,6,51.2,1.404,caribbean,CC,,,,,
LK,Sri Lanka,5,37.7,4.269,South_Asia,SASEC,,,,,
LR,Liberia,3,35.3,2.356,africa,ECOWAS,Anglophone,,,,
LS,Lesotho,5,44.9,2.752,africa,None,,,,,
LT,Lithuania,10,36,2.255,Euro_med,EU,,,,,
LU,Luxembourg,8,33.4,1.072,Euro_med,EU,,OECD,,,
LV,Latvia,9,35.7,2.085,Euro_med,EU,,OECD,,,
LY,Libya,2,44.1,3.684,africa,Arab_League,Arabic,,,,
MA,Morocco,6,41.5,2.873,Euro_med,Arab_League,Arabic,,|Moroccan diaspora|FR|-|Moroccan diaspora|NL|-|Moroccan diaspora|IT|,,
MD,Moldova,7,25.7,2.744,Euro_med,None,Russian,,,,
ME,Montenegro,7,36.8,2.634,Euro_med,None,,,,,
MF,Saint Martin (French part),4,39,,caribbean,CC,Francophonie,,,,
MG,Madagascar,3,51.8,3.675,africa,None,,,,,
MH,Marshall Islands,4,45.4,0.943,oceania,PIF,Anglophone,,,,
MK,North Macedonia,6,33.5,3.05,Euro_med,None,,,,,
ML,Mali,2,36,3.017,africa,None,,,,,Muslim
MM,Myanmar,1,34.7,4.248,SE_Asia,ASEAN3,,,SASEC,,
MN,Mongolia,6,32.7,2.625,asiaCentral,None,,,,,
MO,Macao,6,51.8,1.11,asiaEast,None,Sinophone,,,,
MP,Northern Mariana Islands,4,39,,oceania,PIF,Anglophone,,,,
MQ,Martinique,4,39,,caribbean,CC,Francophonie,,,,
MR,Mauritania,3,32.6,3.113,africa,Arab_League,,,,,Muslim
MS,Montserrat,6,39,,caribbean,CC,Anglophone,,,,
MT,Malta,7,31.4,1.786,Euro_med,EU,,,,Anglophone,
MU,Mauritius,9,36.8,2.634,africa,None,Francophonie,,,,
MV,Maldives,4,29.3,2.109,South_Asia,SASEC,,,,,Muslim
MW,Malawi,4,38.5,2.969,africa,None,,,,,
MX,Mexico,9,45.4,2.143,americas,,Hispanic,TPP11-OECD,,,
MY,Malaysia,10,42.2,2.794,SE_Asia,ASEAN3,Malay,TPP11,Anglophone,Sinophone,Muslim
MZ,Mozambique,4,50.5,2.828,africa,None,,,,,
NA,Namibia,5,59.1,2.283,africa,None,,,,,
NC,New Caledonia,4,39,,oceania,PIF,,,,,
NE,Niger,7,40.3,2.759,africa,None,,,,,Muslim
NF,Norfolk Island,4,39,,oceania,PIF,,,,,
NG,Nigeria,5,38.1,3.383,africa,ECOWAS,Anglophone,,,,Muslim
NI,Nicaragua,4,46.2,3.048,americas,,Hispanic,,,,
NL,Netherlands,9,26,1.218,Euro_med,EU,Dutch,OECD,,Anglophone,
NO,Norway,10,27.7,1.443,Euro_med,Scandinavia,,OECD,,Anglophone,
NP,Nepal,6,32.8,3.335,South_Asia,SASEC,,,,,
NR,Nauru,4,32.4,0.901,oceania,PIF,,,,,
NU,Niue,4,39,,oceania,PIF,,,,,
NZ,New Zealand,10,34.6,1.06,oceania,PIF,Anglophone,OECD-Anglosphere-TPP11,Anglosphere,,
OM,Oman,6,45.3,1.665,Middle_East,Arab_League,Arabic,,,,
PA,Panama,7,50.9,2.293,americas,,Hispanic,,,,
PE,Peru,6,40.2,2.139,latam,Comunidad_Andina,Hispanic,,,,
PF,French Polynesia,4,39,,oceania,PIF,Francophonie,,,,
PG,Papua New Guinea,3,39,1.44,oceania,PIF,,,,,
PH,Philippines,5,40.7,3.716,SE_Asia,ASEAN3,Tagalog,,Anglophone,,Catholic
PK,Pakistan,4,37.2,3.637,asiaCentral,None,,SCO,Anglophone,,Muslim
PL,Poland,9,28.8,2.678,Euro_med,EU,Polish,OECD,|Polish diaspora|UK|,|Polish diaspora|IE|,
PM,Saint Pierre and Miquelon,4,39,,americas,None,Francophonie,,,,
PR,Puerto Rico,7,54.5,1.185,caribbean,CC,Hispanic,,Anglophone,Stateside Puerto Ricans,
PT,Portugal,9,34.7,1.64,Euro_med,EU,Lusophone,OECD,,,
PW,Palau,4,39,1.045,oceania,PIF,Anglophone,,,,
PY,Paraguay,6,45.1,2.597,latam,Mercosur,Hispanic,,,,
QA,Qatar,7,38.8,1.305,Middle_East,Arab_League,Arabic,,,,
RE,Réunion,4,39,,africa,None,Francophonie,,,,
RO,Romania,6,32.6,6.342,Euro_med,EU,Romanian,,,,
RS,Serbia,7,35,2.278,Euro_med,None,,,,,
RU,Russian Federation,3,36,3.508,asiaCentral,CIS,,SCO,,,
RW,Rwanda,7,41,2.891,africa,EAC,,,,,
SA,Saudi Arabia,5,45.4,1.845,Middle_East,Arab_League,Arabic,,,,
SB,Solomon Islands,5,37.1,1.195,oceania,PIF,,,,,
SC,Seychelles,6,32.1,2.455,oceania,PIF,Francophonie,,,,
SD,Sudan,1,37.2,4.339,africa,Arab_League,Arabic,,,,
SE,Sweden,10,28.2,1.582,Euro_med,Scandinavia,,EU-OECD,EU,Anglophone,
SG,Singapore,10,28,1.535,SE_Asia,ASEAN3,Malay,TPP11,Anglophone,Sinophone,
SH,Saint Helena,4,39,2.6,africa,None,Anglophone,,,,
SI,Slovenia,9,24,1.759,Euro_med,EU,,OECD,,,
SK,Slovakia,9,23.2,1.821,Euro_med,EU,,OECD,,,
SL,Sierra Leone,3,35.7,4.187,africa,ECOWAS,Anglophone,,,,Muslim
SN,Senegal,6,39.7,2.723,africa,ECOWAS,Francophonie,,,,Muslim
SO,Somalia,1,44.1,2.888,africa,Arab_League,Arabic,,,,
SR,Suriname,3,40.1,3.076,americas,None,Surinamese,,Anglophone,,
SS,South Sudan,1,44.1,1.073,africa,EAC,,,,,
ST,Sao Tome and Principe,2,44.1,1.714,africa,None,Lusophone,,,,
SV,El Salvador,7,38.8,2.164,latam,,Hispanic,,,,
SX,Sint Maarten (Dutch part),4,39,,caribbean,CC,,,,,
SY,Syrian Arab Republic,1,41,2.95,Middle_East,Arab_League,Arabic,,,,
SZ,Swaziland,3,54.6,2.67,africa,None,,,,,
TC,Turks and Caicos Islands,5,39,0.88,caribbean,CC,Anglophone,,,,
TD,Chad,1,37.5,2.582,africa,None,,,,,Muslim
TG,Togo,3,42.5,2.821,africa,ECOWAS,Francophonie,,,,
TH,Thailand,8,35.1,2.712,SE_Asia,ASEAN3,Thai,,,,
TJ,Tajikistan,4,34,4.933,asiaCentral,CIS,,SCO,,,Muslim
TL,Timor-Leste,3,28.7,1.925,SE_Asia,None,Malay,,Lusophone,,Catholic
TM,Turkmenistan,6,34,1.727,asiaCentral,None,,,,,Muslim
TN,Tunisia,6,34.8,3.329,Euro_med,Arab_League,Arabic,,,,
TO,Tonga,6,33.5,1.371,oceania,PIF,,,,,
TR,Turkey,8,40.2,3.827,Euro_med,None,Turkish,OECD,,,
TT,Trinidad and Tobago,6,33.5,1.367,caribbean,CC,Anglophone,,,,
TV,Tuvalu,6,39.1,0.983,oceania,PIF,,,,,
TW,Taiwan,10,39,2.297,asiaEast,ASEAN3,Sinophone,OECD,,,
TZ,Tanzania,4,42.5,2.909,africa,EAC,,,,,
UA,Ukraine,6,25.6,3.597,Euro_med,None,,,,,
UG,Uganda,4,44.7,3.175,africa,EAC,Anglophone,,,,
US,United States of America,7,39.8,1.152,americas,Anglosphere,Anglophone,OECD,,,
UY,Uruguay,6,40.8,1.387,latam,Mercosur,Hispanic,,,,
UZ,Uzbekistan,6,41.3,4.376,asiaCentral,CIS,,SCO,,,Muslim
VC,Saint Vincent and the Grenadines,6,39.3,1.899,caribbean,CC,Anglophone,,,,
VE,Venezuela,1,54.8,4.84,latam,,Hispanic,,,,
VG,Virgin Islands (British),6,39,,caribbean,CC,Anglophone,,,,
VI,Virgin Islands (U.S.),6,39,,caribbean,CC,Anglophone,,,,
VN,Vietnam,6,36.8,4.691,SE_Asia,ASEAN3,,TPP11,,,
VU,Vanuatu,6,32.3,0.87,oceania,PIF,,,,,
WF,Wallis and Futuna,4,39,,oceania,PIF,Francophonie,,,,
WS,Samoa,6,38.7,1.42,oceania,PIF,Anglophone,,|Samoan diaspora|CL|,|Samoan diaspora|US|,
XK,Kosovo,5,29,2.749,Euro_med,None,,,,,
YE,Yemen,2,36.7,5.125,africa,None,Arabic,,,,
YT,Mayotte,4,39,,africa,None,Francophonie,,,,Muslim
ZA,South Africa,7,60.1,2.233,africa,None,Anglophone,,,,
ZM,Zambia,6,55.9,2.821,africa,None,,,,,
ZW,Zimbabwe,3,50.3,1.607,africa,None,Anglophone,,,,