#name,strength,airport,city,country,description,type,latitude,longitude,,
8th Arrondissement,3,CDG,Paris,FR,,Elite residential,,,,
Abu Dhabi,,AUH,Abu Dhabi,AE,,Elite residential,,,,
Abu Dhabi GP,,AUH,,,Formula One race held at the Yas Marina Circuit,Elite Destination,24.46722,54.60306,,
Achrafieh,,BEY,,LB,,Elite residential,,,,
Agios Ioannis,,JMK,Mykonos,GR,,Elite residential,,,,
Aiglon College,,GVA,Chesières-Villars ,CH,,School,,,,
Ajman Saray,,SHJ,,AE,Luxury Collection Hotels,Luxury Hotel,,,,
Al Bustan Palace,,MCT,,OM,Ritz-Carlton,Luxury Hotel,,,,
Al Manara,,AQJ,,JO,Luxury Collection Hotels,Luxury Hotel,,,,
Al Olaya,,RUH,Riyadh,SA,,Elite residential,,,,
Al Shatti,,MCT,Muscat,OM,,Elite residential,,,,
Al Wathba,,AUH,Abu Dhabi,AE,Luxury Collection Hotels,Luxury Hotel,,,,
Al Zorah,,DXB,Dubai,AE,The Oberoi,Luxury Hotel,,,,
Almare,,PVR,Puerto Vallarta,MX,Luxury Collection Hotels,Luxury Hotel,,,,
Altamount Road,2,BOM,Mumbai,IN,,Elite residential,,,,
Aman Kyoto,,KIX,,JP,Aman resorts,Luxury Hotel,,,,
Aman New York,,JFK,,US,Aman resorts,Luxury Hotel,,,,
Aman Summer Palace,,PEK,,CN,Aman resorts,Luxury Hotel,,,,
Aman Sveti Stefan,,TIV,,ME,Aman resorts,Luxury Hotel,,,,
Aman Tokyo,,NRT,,JP,Aman resorts,Luxury Hotel,,,,
Aman Venice,,VCE,,IT,Aman resorts,Luxury Hotel,,,,
Aman Villas at Nusa Dua,,DPS,,ID,Aman resorts,Luxury Hotel,,,,
Amandari,,DPS,,ID,Aman resorts,Luxury Hotel,,,,
Amandayan,,LJG,,CN,Aman resorts,Luxury Hotel,,,,
Amanemu,,NGO,,JP,Aman resorts,Luxury Hotel,,,,
Amanfayun,,HGH,,CN,Aman resorts,Luxury Hotel,,,,
Amangiri,,LAS,,US,Aman resorts,Luxury Hotel,,,,
Amanjena,,RAK,,MA,Aman resorts,Luxury Hotel,,,,
Amanjiwo,,JOG,,ID,Aman resorts,Luxury Hotel,,,,
Amankila,,DPS,,ID,Aman resorts,Luxury Hotel,,,,
Amankora,,PBH,,BT,Aman resorts,Luxury Hotel,,,,
Amanoi,,CXR,,VN,Aman resorts,Luxury Hotel,,,,
Amanpulo,,PPS,,PH,Aman resorts,Luxury Hotel,,,,
Amanpuri,,HKT,,TH,Aman resorts,Luxury Hotel,,,,
Amantaka,,LPQ,,LA,Aman resorts,Luxury Hotel,,,,
Amanwana,,LBJ,,ID,Aman resorts,Luxury Hotel,,,,
Amanyangyun,,SHA,,CN,Aman resorts,Luxury Hotel,,,,
Amanyara,,PLS,,TC,Aman resorts,Luxury Hotel,,,,
Amanzoe,,ATH,,GR,Aman resorts,Luxury Hotel,,,,
Amazon Rainforest,,MAO,,BR,,Adventure Tourism,,,,
Amman,,AMM,,JO,,Elite residential,,,,
Amsterdam,,AMS,,NL,,Elite residential,,,,
Anaheim Resort,,SNA,Los Angeles,US,JW Marriott,Luxury Hotel,,,,
Angkor Wat,,SAI,,KH,,Adventure Tourism,,,,
Angra dos Reis,,GIG,Rio de Janeiro,BR,A stunning coastal town near Rio de Janeiro,Elite residential,,,,
Annapurna Circuit,,KTM,,NP,,Adventure Tourism,,,,
Antarctica,,TNM,,AQ,,Adventure Tourism,,,,
Antarctica helicopter tour,,TNM,,AQ,,Adventure Tourism,,,,
Ashgabat,,ASB,,TM,,Elite residential,,,,
Aspen,,ASE,,US,,Ski Resort,,,,
Assila,,JED,,SA,Luxury Collection Hotels,Luxury Hotel,,,,
Astana,,NQZ,,KZ,,Elite residential,,,,
Atacama Desert,,CJC,,CL,Experience otherworldly landscapes and luxurious accommodations with stargazing and desert adventure options.,Adventure Tourism,,,,
Atherton,,SFO,San Francisco,US,,Elite residential,,,,
Auberge Beach Residences,,FLL,Miami,US,Auberge Resorts,Luxury Hotel,,,,
Augustine,,PRG,,CZ,Luxury Collection Hotels,Luxury Hotel,,,,
Australian GP,,MEL,,,Formula One race held at the Albert Park Circuit,Elite Destination,-37.84972,144.96833,,
Austrian GP,,GRZ,,,Formula One race held at the Red Bull Ring,Elite Destination,47.21972,14.76472,,
Avenue Princesse Grace Monte Carlo,,NCE,Nice,FR,,Elite residential,,,,
Azerbaijan GP,,GYD,,,Formula One race held at the Baku City Circuit,Elite Destination,40.3725,49.85333,,
Back Bay,,BOS,Boston,US,,Elite residential,,,,
Bahrain GP,,BAH,,,Formula One race held at the Bahrain International Circuit,Elite Destination,26.0325,50.51056,,
Bali,,DPS,Bali,ID,,Elite residential,,,,
Banff National Park,,YYC,,CA,,Adventure Tourism,,,,
Barcelona EDITION,,BCN,Barcelona,ES,EDITION,Luxury Hotel,,,,
Bariloche,,BRC,,AR,A picturesque city in the Argentine Andes,Elite residential,,,,
Barranco,,LIM,,PE,,Elite residential,,,,
Bavarian Estates,,MUC,Munich,DE,Castles,Elite residential,,,,
Beijing Central Government Complex,,PEK,Beijing,CN,,Elite Destination,,,,
Belgian GP,,LGG,,,Formula One race held at the Circuit de Spa-Francorchamps,Elite Destination,50.43722,5.97139,,
Belgravia,,LHR,London,GB,,Elite residential,,,,
Belize City,,BZE,,BZ,,Elite residential,,,,
Berkeley,,OAK,San Francisco,US,,Elite residential,,,,
Berkeley,,OAK,San Francisco,US,,University,,,,
Beverly Hills,,LAX,Los Angeles,US,,Elite residential,,,,
Big Island,,ITO,,US,,Elite residential,,,,
Bimini,,NSB,,BS,,Elite residential,,,,
Bishkek,,FRU,,KG,,Elite residential,,,,
Bishop’s Lodge,,SAF,,US,Auberge Resorts,Luxury Hotel,,,,
Blanket Bay,,ZQN,Otago,NZ,,Luxury Hotel,,,,
Blue Lagoon Beach Resort,,SYD,New South Wales,AU,,Luxury Hotel,,,,
Bodrum,,BJV,,TR,,Elite residential,,,,
Bodrum EDITION,,BJV,,TR,EDITION,Luxury Hotel,,,,
Bolzano,,BZO,,IT,,Elite residential,,,,
Bora Bora,,BOB,,PF,,Adventure Tourism,,,,
Bordeaux Vineyards,,BOD,,FR,,Elite residential,,,,
Bosques de las Lomas,,MEX,Mexico City,MX,Exclusive gated community featuring lavish mansions,Elite residential,,,,
Bowie House,,DAL,Dallas,US,Auberge Resorts,Luxury Hotel,,,,
Bozeman,,BZN,,US,,Elite residential,,,,
Bratislava Castle,,BTS,,SK,,Luxury Hotel,,,,
Brazilian GP,,GRU,,,Formula One race held at the Autódromo José Carlos Pace,Elite Destination,-23.70111,-46.69722,,
Brenners Park-Hotel & Spa,,FKB,,DE,Oetker Collection Hotels,Luxury Hotel,,,,
Brentwood,,LAX,Los Angeles,US,,Elite residential,,,,
British GP,,LTN,,,Formula One race held at the Silverstone Circuit,Elite Destination,52.075,-1.0167,,
Broadway,,JFK,,,,,,,,
Brookhaven,,ISP,,US,,Elite residential,,,,
Buckhead,,ATL,Atlanta,US,,Elite residential,,,,
Bukit Timah,,SIN,Singapore,SG,,Elite residential,,,,
Bulgari Hotel,,HND,Tokyo,JP,Bulgari Hotel,Luxury Hotel,,,,
Bulgari Hotel,,LAX,Los Angeles,US,Bulgari Hotel,Luxury Hotel,,,,
Bulgari Hotel,,MIA,Miami,US,Bulgari Hotel,Luxury Hotel,,,,
Bulgari Hotel Beijing,,PEK,Beijing,CN,Bulgari Hotel,Luxury Hotel,,,,
Bulgari Hotel London,,LCY,London,GB,Bulgari Hotel,Luxury Hotel,,,,
Bulgari Hotel Milano,,MXP,Milan,IT,Bulgari Hotel,Luxury Hotel,,,,
Bulgari Hotel Paris,,CDG,Paris,FR,Bulgari Hotel,Luxury Hotel,,,,
Bulgari Hotel Roma,,FCO,,IT,Bulgari Hotel,Luxury Hotel,,,,
Bulgari Hotel Shanghai,,PVG,Shanghai,CN,Bulgari Hotel,Luxury Hotel,,,,
Bulgari Hotel Tokyo,,NRT,Tokyo,JP,Bulgari Hotel,Luxury Hotel,,,,
Bulgari Resort Bali,,DPS,Bali,ID,Bulgari Hotel,Luxury Hotel,,,,
Bulgari Resort Dubai,,DXB,,AE,Bulgari Hotel,Luxury Hotel,,,,
Camberwell,,MEL,,AU,,Elite residential,,,,
Camps Bay,,CPT,Cape Town,ZA,,Elite residential,,,,
Canadian GP,,YUL,,,Formula One race held at the Circuit Gilles Villeneuve,Elite Destination,45.50056,-73.5225,,
Cannes,,NCE,Nice,FR,,Elite residential,,,,
Cap Juluca,,AXA,,AI,,Elite residential,,,,
Caresse,,BJV,,TR,Luxury Collection Hotels,Luxury Hotel,,,,
Cartagena,,CTG,,CO,A historic port city on Colombia's Caribbean coast,Elite residential,,,,
Caruso,,NAP,,IT,,Luxury Hotel,,,,
Casa de Sierra Nevada,,BJX,,MX,,Luxury Hotel,,,,
Castello di Casole,,FLR,Firenze,IT,,Luxury Hotel,,,,
Castillo Hotel Son Vida,,PMI,,ES,Luxury Collection Hotels,Luxury Hotel,,,,
Charlotte Amalie,,STT,,VI,,Elite residential,,,,
Charter Yacht Voyage,,OLB,,IT,,Adventure Tourism,,,,
Château Saint-Martin & Spa,,NCE,Nice,FR,Oetker Collection Hotels,Luxury Hotel,,,,
Cheju City,,CJU,Jeju,KR,,Elite residential,,,,
Chinese GP,,PVG,,,Formula One race held at the Shanghai International Circuit,Elite Destination,31.33889,121.21972,,
Christie's Auction House,,LHR,London,GB,Leading auction house specializing,Elite Destination,,,,
Clifton,,CPT,Cape Town,ZA,,Elite residential,,,,
Collège Alpin International Beau Soleil,,GVA,Villars-sur-Ollon,CH,,Elite Destination,,,,
Collegio alla Querce,,FLR,Firenze,IT,Auberge Resorts,Luxury Hotel,,,,
Cologny,,GVA,Geneva,CH,,Elite residential,,,,
Colony Club by Elegant Hotels,,BGI,,BB,Luxury Collection Hotels,Luxury Hotel,,,,
Columbia University,,JFK,New York,US,,University,,,,
Commodore Perry Estate,,AUS,,US,Auberge Resorts,Luxury Hotel,,,,
COMO Alpina Dolomites,,BZO,,IT,COMO,Luxury Hotel,,,,
COMO Castello Del Nero,,FLR,Firenze,IT,COMO,Luxury Hotel,,,,
COMO Cocoa Island,,MLE,Male,MV,COMO,Luxury Hotel,,,,
COMO Laucala Island,,NAN,,FJ,COMO,Luxury Hotel,,,,
COMO Le Montrachet,,BOD,,FR,COMO,Luxury Hotel,,,,
COMO Maalifushi,,MLE,Male,MV,COMO,Luxury Hotel,,,,
COMO Metropolitan Bangkok,,BKK,Bangkok,TH,COMO,Luxury Hotel,,,,
COMO Metropolitan London,,LCY,London,GB,COMO,Luxury Hotel,,,,
COMO Metropolitan Singapore,,SIN,Singapore,SG,COMO,Luxury Hotel,,,,
COMO Parrot Cay,,PLS,,TC,COMO,Luxury Hotel,,,,
COMO Point Yamu,,HKT,,TH,COMO,Luxury Hotel,,,,
COMO Shambhala Estate,,DPS,Bali,ID,COMO,Luxury Hotel,,,,
COMO The Halkin,,LCY,London,GB,COMO,Luxury Hotel,,,,
COMO The Treasury,,PER,,AU,COMO,Luxury Hotel,,,,
COMO Uma Canggu,,DPS,Bali,ID,COMO,Luxury Hotel,,,,
COMO Uma Paro,,PBH,,BT,COMO,Luxury Hotel,,,,
COMO Uma Punakha,,PBH,,BT,COMO,Luxury Hotel,,,,
Comporta,,LIS,,PT,,Elite residential,,,,
Condado,,SJU,San Juan,PR,,Elite residential,,,,
Copacabana Palace,,GIG,Rio de Janeiro,BR,,Luxury Hotel,,,,
Coral Gables,,MIA,Miami,US,Planned community with Mediterranean-style homes,Elite residential,,,,
Cornell University,,ITH,,US,,University,,,,
Coronado,,SAN,San Diego,US,,Elite residential,,,,
Cosme,,TRC,,MX,Luxury Collection Hotels,Luxury Hotel,,,,
Courchevel,,CMF,,FR,,Ski Resort,,,,
Courchevel,,CMF,,FR,,Ski Resort,,,,
Courchevel 1850,,GVA,Geneva,CH,,Luxury Hotel,,,,
Courmeyer,,TRN,,IT,Exclusive ski resort town in the Italian Alps offering high-end chalets,Elite residential,,,,
Dalaman,,DLM,,TR,,Luxury Hotel,,,,
Dali,,DLU,Yunnan,CN,An ancient city in Yunnan Province,Elite residential,,,,
Danga Bay,,JHB,,MY,Newly developed waterfront area featuring luxury condominiums,Elite residential,,,,
Darling Point,2,SYD,Sydney,AU,,Elite residential,,,,
De Waterkant,,CPT,,ZA,,Elite residential,,,,
Deep Water Bay,,HKG,Hong Kong,HK,,Elite residential,,,,
Delhi,,DEL,Delhi,IN,,Elite residential,,,,
Denali National Park,,ANC,,US,,Adventure Tourism,,,,
Diplomatic Quarter,,RUH,Riyadh,SA,,Elite residential,,,,
Domaine des Etangs,,LIG,,FR,Auberge Resorts,Luxury Hotel,,,,
Domes Miramare,,CFU,,GR,Luxury Collection Hotels,Luxury Hotel,,,,
Domes Zeen Chania,,CHQ,,GR,Luxury Collection Hotels,Luxury Hotel,,,,
Dorado Beach,,SJU,,PR,Ritz-Carlton,Luxury Hotel,,,,
Double Bay,,SYD,Sydney,AU,,Elite residential,,,,
Downtown Toronto,,YYZ,Toronto,CA,,Elite residential,,,,
Dubai World Cup,,DXB,,AE,,Elite Destination,,,,
Dubrovnik Old Town,,DBV,,HR,,Luxury Hotel,,,,
Dutch GP,,AMS,,,Formula One race held at the CM.com Circuit Zandvoort,Elite Destination,52.38882,4.54092,,
Eagle Island Lodge,,MUB,,BW,,Luxury Hotel,,,,
East Hampton,,ISP,,US,,Elite residential,,,,
Eden Rock - St Barths,,SBH,,BL,Oetker Collection Hotels,Luxury Hotel,,,,
EDITION Abu Dhabi,,AUH,Abu Dhabi,AE,,Luxury Hotel,,,,
EDITION London,,LCY,London,GB,EDITION,Luxury Hotel,,,,
EDITION New York,,LGA,New York,US,,Luxury Hotel,,,,
El Encanto,,SBA,,US,,Luxury Hotel,,,,
El Golf,,SCL,,CL,,Elite residential,,,,
El Poblado,,MED,Medellin,CO,,Elite residential,,,,
El Putxet i el Farró,,GRO,Barcelona,ES,,Elite residential,,,,
Elahieh,,IKA,Tehran,IR,,Elite residential,,,,
Element 52,,TEX,,US,Auberge Resorts,Luxury Hotel,,,,
Elite rural properties in sought-after locations,,MXP,Milan,IT,,Elite residential,,,,
Elizabeth Bay,,SYD,Sydney,AU,,Elite residential,,,,
Elysee Palace,,CDG,Paris,FR,,Elite Destination,,,,
Emerald Hill,,SIN,Singapore,SG,Charming colonial-era district with restored shophouses,Elite residential,,,,
Emerging luxury real estate market with upscale offerings,,BKK,Bangkok,TH,,Elite residential,,,,
Emilia Romagna GP,,BLQ,,,Formula One race held at the Autodromo Internazionale Enzo e Dino Ferrari,Elite Destination,44.34111,11.71333,,
Esperanza,,SJD,Los Cabos,MX,Auberge Resorts,Luxury Hotel,,,,
Etéreo,,CUN,,MX,Auberge Resorts,Luxury Hotel,,,,
Etiler,,IST,Istanbul,TR,,Elite residential,,,,
Eton College,,LHR,Windsor,GB,,School,,,,
Excelsior Hotel Gallia,,LIN,Milan,IT,Luxury Collection Hotels,Luxury Hotel,,,,
Exclusive resort and residential area for the wealthy,,PUJ,,DO,,Elite residential,,,,
Exclusive rural retreats attracting high-net-worth individuals,,STR,,DE,,Elite residential,,,,
Fasano Angra dos Reis,,GIG,Rio de Janeiro,BR,,Luxury Hotel,,,,
Fasano Belo Horizonte,,CNF,,BR,,Luxury Hotel,,,,
Fasano Boa Vista,,VCP,,BR,,Luxury Hotel,,,,
Fasano Punta del Este,,PDP,,UY,,Luxury Hotel,,,,
Fasano Rio de Janeiro,,GIG,Rio de Janeiro,BR,,Luxury Hotel,,,,
Fasano Salvador,,SSA,,BR,,Luxury Hotel,,,,
Fasano Sao Paulo Itaim,,GRU,São Paulo,BR,,Luxury Hotel,,,,
Fasano Sao Paulo Jardins,,GRU,São Paulo,BR,,Luxury Hotel,,,,
Fasano Trancoso,,TXO,,BR,,Luxury Hotel,,,,
Fashion Week,,MXP,,IT,,Elite Destination,,,,
Fenghuang,,HJJ,,CN,A well-preserved ancient town in Hunan Province,Adventure Tourism,,,,
Fernando de Noronha,,FEN,,BR,A pristine archipelago off Brazil's northeast coast,Adventure Tourism,,,,
Fiji,,NAN,,FJ,,Elite residential,,,,
Fiji,,NAN,,FJ,,Elite residential,,,,
Fiordland National Park,,ZQN,,NZ,,Adventure Tourism,,,,
Fisher Island,,MIA,Miami,US,,Elite residential,,,,
Florianópolis,,FLN,,BR,,Elite residential,,,,
Four Seasons ABU DHABI,,AUH,Abu Dhabi,AE,Four Seasons,Luxury Hotel,,,,
Four Seasons ALEXANDRIA,,HBE,,EG,Four Seasons,Luxury Hotel,,,,
Four Seasons AMMAN,,AMM,,JO,Four Seasons,Luxury Hotel,,,,
Four Seasons ANGUILLA,,AXA,,AI,Four Seasons,Luxury Hotel,,,,
Four Seasons ATHENS (ASTIR PALACE),,ATH,,GR,Four Seasons,Luxury Hotel,,,,
Four Seasons ATLANTA,,ATL,Atlanta,US,Four Seasons,Luxury Hotel,,,,
Four Seasons AUSTIN,,AUS,,US,Four Seasons,Luxury Hotel,,,,
Four Seasons BAHAMAS,,NAS,,BS,Four Seasons,Luxury Hotel,,,,
Four Seasons BAHRAIN BAY,,BAH,,BH,Four Seasons,Luxury Hotel,,,,
Four Seasons BAKU,,GYD,,AZ,Four Seasons,Luxury Hotel,,,,
Four Seasons BALI AT JIMBARAN BAY,,DPS,Bali,ID,Four Seasons,Luxury Hotel,,,,
Four Seasons BALI AT SAYAN,,DPS,Bali,ID,Four Seasons,Luxury Hotel,,,,
Four Seasons BANGKOK AT CHAO PHRAYA RIVER,,BKK,Bangkok,TH,Four Seasons,Luxury Hotel,,,,
Four Seasons BEIJING,,PEK,Beijing,CN,Four Seasons,Luxury Hotel,,,,
Four Seasons BEIRUT,,BEY,,LB,Four Seasons,Luxury Hotel,,,,
Four Seasons BENGALURU AT EMBASSY ONE,,BLR,,IN,Four Seasons,Luxury Hotel,,,,
Four Seasons BEVERLY WILSHIRE,,BUR,Los Angeles,US,Four Seasons,Luxury Hotel,,,,
Four Seasons BOGOTÁ,,BOG,,CO,Four Seasons,Luxury Hotel,,,,
Four Seasons BOGOTÁ (CASA MEDINA),,BOG,,CO,Four Seasons,Luxury Hotel,,,,
Four Seasons BORA BORA,,BOB,,PF,Four Seasons,Luxury Hotel,,,,
Four Seasons BOSTON,,BOS,Boston,US,Four Seasons,Luxury Hotel,,,,
Four Seasons BUDAPEST,,BUD,,HU,Four Seasons,Luxury Hotel,,,,
Four Seasons BUENOS AIRES,,EZE,,AR,Four Seasons,Luxury Hotel,,,,
Four Seasons CABO SAN LUCAS AT CABO DEL SOL,,SJD,Los Cabos,MX,Four Seasons,Luxury Hotel,,,,
Four Seasons CAIRO AT NILE PLAZA,,CAI,,EG,Four Seasons,Luxury Hotel,,,,
Four Seasons CAIRO AT THE FIRST RESIDENCE,,CAI,,EG,Four Seasons,Luxury Hotel,,,,
Four Seasons CASABLANCA,,CMN,,MA,Four Seasons,Luxury Hotel,,,,
Four Seasons CHIANG MAI,,CNX,,TH,Four Seasons,Luxury Hotel,,,,
Four Seasons CHICAGO,,ORD,Chicago,US,Four Seasons,Luxury Hotel,,,,
Four Seasons COSTA RICA,,SJO,,CR,Four Seasons,Luxury Hotel,,,,
Four Seasons DALIAN,,DLC,,CN,Four Seasons,Luxury Hotel,,,,
Four Seasons DENVER,,DEN,,US,Four Seasons,Luxury Hotel,,,,
Four Seasons DOHA,,DOH,,QA,Four Seasons,Luxury Hotel,,,,
Four Seasons DOHA (THE PEARL-QATAR),,DOH,,QA,Four Seasons,Luxury Hotel,,,,
Four Seasons DUBAI AT JUMEIRAH BEACH,,DXB,Dubai,AE,Four Seasons,Luxury Hotel,,,,
Four Seasons DUBAI INTERNATIONAL FINANCIAL CENTRE,,DXB,Dubai,AE,Four Seasons,Luxury Hotel,,,,
Four Seasons FLORENCE,,FLR,Firenze,IT,Four Seasons,Luxury Hotel,,,,
Four Seasons FORT LAUDERDALE,,FLL,Miami,US,Four Seasons,Luxury Hotel,,,,
Four Seasons FRENCH RIVIERA,,NCE,Nice,FR,Four Seasons,Luxury Hotel,,,,
Four Seasons GENEVA,,GVA,Geneva,CH,Four Seasons,Luxury Hotel,,,,
Four Seasons GOLDEN TRIANGLE,,CEI,,TH,Four Seasons,Luxury Hotel,,,,
Four Seasons GUANGZHOU,,CAN,,CN,Four Seasons,Luxury Hotel,,,,
Four Seasons HAMPSHIRE,,LHR,London,GB,Four Seasons,Luxury Hotel,,,,
Four Seasons HANGZHOU AT WEST LAKE,,HGH,,CN,Four Seasons,Luxury Hotel,,,,
Four Seasons HAWAII,,HNL,,US,Four Seasons,Luxury Hotel,,,,
Four Seasons HAWAII,,KOA,,US,Four Seasons,Luxury Hotel,,,,
Four Seasons HAWAII,,LNY,,US,Four Seasons,Luxury Hotel,,,,
Four Seasons HAWAII,,OGG,,US,Four Seasons,Luxury Hotel,,,,
Four Seasons HOI AN,,DAD,,VN,Four Seasons,Luxury Hotel,,,,
Four Seasons HONG KONG,,HKG,Hong Kong,HK,Four Seasons,Luxury Hotel,,,,
Four Seasons HOUSTON,,IAH,Houston,US,Four Seasons,Luxury Hotel,,,,
Four Seasons ISTANBUL AT SULTANAHMET,,IST,Istanbul,TR,Four Seasons,Luxury Hotel,,,,
Four Seasons ISTANBUL AT THE BOSPHORUS,,IST,Istanbul,TR,Four Seasons,Luxury Hotel,,,,
Four Seasons JACKSON HOLE,,JAC,,US,Four Seasons,Luxury Hotel,,,,
Four Seasons JAKARTA,,CGK,,ID,Four Seasons,Luxury Hotel,,,,
Four Seasons JOHANNESBURG,,JNB,,ZA,Four Seasons,Luxury Hotel,,,,
Four Seasons KOH SAMUI,,USM,,TH,Four Seasons,Luxury Hotel,,,,
Four Seasons KUALA LUMPUR,,KUL,,MY,Four Seasons,Luxury Hotel,,,,
Four Seasons KUWAIT AT BURJ ALSHAYA,,KWI,,KW,Four Seasons,Luxury Hotel,,,,
Four Seasons KYOTO,,ITM,Osaka,JP,Four Seasons,Luxury Hotel,,,,
Four Seasons LANGKAWI,,LGK,,MY,Four Seasons,Luxury Hotel,,,,
Four Seasons LAS VEGAS,,LAS,,US,Four Seasons,Luxury Hotel,,,,
Four Seasons LISBON,,LIS,,PT,Four Seasons,Luxury Hotel,,,,
Four Seasons LONDON AT PARK LANE,,LHR,London,GB,Four Seasons,Luxury Hotel,,,,
Four Seasons LONDON AT TEN TRINITY SQUARE,,LCY,London,GB,Four Seasons,Luxury Hotel,,,,
Four Seasons LOS ANGELES,,SNA,Los Angeles,US,Four Seasons,Luxury Hotel,,,,
Four Seasons LOS ANGELES AREA,,LAX,Los Angeles,US,Four Seasons,Luxury Hotel,,,,
Four Seasons LOS CABOS AT COSTA PALMAS™,,SJD,Los Cabos,MX,Four Seasons,Luxury Hotel,,,,
Four Seasons MACAO,,MFM,Macau,MO,Four Seasons,Luxury Hotel,,,,
Four Seasons MACAO (THE GRAND SUITES),,MFM,Macau,MO,Four Seasons,Luxury Hotel,,,,
Four Seasons MADRID,,MAD,Madrid,ES,Four Seasons,Luxury Hotel,,,,
Four Seasons MALDIVES AT KUDA HURAA,,MLE,Male,MV,Four Seasons,Luxury Hotel,,,,
Four Seasons MALDIVES AT LANDAA GIRAAVARU,,MLE,Male,MV,Four Seasons,Luxury Hotel,,,,
Four Seasons MALDIVES PRIVATE ISLAND VOAVAH AT BAA ATOLL,,MLE,Male,MV,Four Seasons,Luxury Hotel,,,,
Four Seasons MARRAKECH,,RAK,,MA,Four Seasons,Luxury Hotel,,,,
Four Seasons MAURITIUS,,MRU,,MU,Four Seasons,Luxury Hotel,,,,
Four Seasons MEGÈVE (LES CHALETS..),,LYS,,FR,Four Seasons,Luxury Hotel,,,,
Four Seasons MEXICO CITY,,MEX,Mexico City,MX,Four Seasons,Luxury Hotel,,,,
Four Seasons MIAMI,,MIA,Miami,US,Four Seasons,Luxury Hotel,,,,
Four Seasons MIAMI BEACHES,,MIA,Miami,US,Four Seasons,Luxury Hotel,,,,
Four Seasons MILAN,,MXP,Milan,IT,Four Seasons,Luxury Hotel,,,,
Four Seasons MINNEAPOLIS,,MSP,,US,Four Seasons,Luxury Hotel,,,,
Four Seasons MONTREAL,,YUL,,CA,Four Seasons,Luxury Hotel,,,,
Four Seasons MUMBAI,,BOM,Mumbai,IN,Four Seasons,Luxury Hotel,,,,
Four Seasons NAPA VALLEY,,STS,,US,Four Seasons,Luxury Hotel,,,,
Four Seasons NASHVILLE,,BNA,,US,Four Seasons,Luxury Hotel,,,,
Four Seasons NEVIS,,NEV,,KN,Four Seasons,Luxury Hotel,,,,
Four Seasons NEW ORLEANS,,MSY,,US,Four Seasons,Luxury Hotel,,,,
Four Seasons NEW YORK,,EWR,New York,US,Four Seasons,Luxury Hotel,,,,
Four Seasons NEW YORK DOWNTOWN,,JFK,New York,US,Four Seasons,Luxury Hotel,,,,
Four Seasons ONE DALTON STREET,,BOS,Boston,US,Four Seasons,Luxury Hotel,,,,
Four Seasons ORLANDO,,MCO,,US,Four Seasons,Luxury Hotel,,,,
Four Seasons PALAU EXPLORER (CRUISING RESORT),,ROR,,PW,Four Seasons,Luxury Hotel,,,,
Four Seasons PALM BEACH,,PBI,Miami,US,Four Seasons,Luxury Hotel,,,,
Four Seasons PALO ALTO,,SJC,San Francisco,US,Four Seasons,Luxury Hotel,,,,
Four Seasons PARIS,,ORY,Paris,FR,Four Seasons,Luxury Hotel,,,,
Four Seasons PHILADELPHIA,,PHL,,US,Four Seasons,Luxury Hotel,,,,
Four Seasons PRAGUE,,PRG,,CZ,Four Seasons,Luxury Hotel,,,,
Four Seasons PUNTA MITA,,PVR,Puerto Vallarta,MX,Four Seasons,Luxury Hotel,,,,
Four Seasons RABAT AT KASR AL BAHR,,RBA,,MA,Four Seasons,Luxury Hotel,,,,
Four Seasons RIYADH,,RUH,,SA,Four Seasons,Luxury Hotel,,,,
Four Seasons SAN DIEGO,,SAN,,US,Four Seasons,Luxury Hotel,,,,
Four Seasons SAN FRANCISCO AT EMBARCADERO,,SFO,San Francisco,US,Four Seasons,Luxury Hotel,,,,
Four Seasons SANTA BARBARA,,SBA,,US,Four Seasons,Luxury Hotel,,,,
Four Seasons SANTA FE,,SAF,,US,Four Seasons,Luxury Hotel,,,,
Four Seasons SCOTTSDALE,,PHX,,US,Four Seasons,Luxury Hotel,,,,
Four Seasons SEATTLE,,SEA,,US,Four Seasons,Luxury Hotel,,,,
Four Seasons SEOUL,,ICN,Seoul,KR,Four Seasons,Luxury Hotel,,,,
Four Seasons SERENGETI,,SEU,,TZ,Four Seasons,Luxury Hotel,,,,
Four Seasons SEYCHELLES,,SEZ,,SC,Four Seasons,Luxury Hotel,,,,
Four Seasons SEYCHELLES AT DESROCHES ISLAND,,SEZ,,SC,Four Seasons,Luxury Hotel,,,,
Four Seasons SHARM EL SHEIKH,,SSH,,EG,Four Seasons,Luxury Hotel,,,,
Four Seasons SHENZHEN,,SZX,Shenzhen,CN,Four Seasons,Luxury Hotel,,,,
Four Seasons SINGAPORE,,SIN,Singapore,SG,Four Seasons,Luxury Hotel,,,,
Four Seasons ST. LOUIS,,STL,,US,Four Seasons,Luxury Hotel,,,,
Four Seasons SUZHOU,,WUX,,CN,Four Seasons,Luxury Hotel,,,,
Four Seasons SYDNEY,,SYD,Sydney,AU,Four Seasons,Luxury Hotel,,,,
"Four Seasons TAMARINDO, MÉXICO",,SJO,,CR,Four Seasons,Luxury Hotel,,,,
Four Seasons TAORMINA,,CTA,,IT,Four Seasons,Luxury Hotel,,,,
Four Seasons TIANJIN,,TSN,,CN,Four Seasons,Luxury Hotel,,,,
Four Seasons TOKYO AT MARUNOUCHI,,HND,Tokyo,JP,Four Seasons,Luxury Hotel,,,,
Four Seasons TOKYO AT OTEMACHI,,HND,Tokyo,JP,Four Seasons,Luxury Hotel,,,,
Four Seasons TORONTO,,YYZ,Toronto,CA,Four Seasons,Luxury Hotel,,,,
Four Seasons TUNIS,,TUN,,TN,Four Seasons,Luxury Hotel,,,,
Four Seasons VAIL,,EGE,,US,Four Seasons,Luxury Hotel,,,,
"Four Seasons WASHINGTON, DC",,DCA,Washington D.C.,US,Four Seasons,Luxury Hotel,,,,
Four Seasons WHISTLER,,YVR,,CA,Four Seasons,Luxury Hotel,,,,
Fraser Island,,HVB,,AU,Explore the world's largest sand island with exclusive wilderness resorts and private 4x4 tours.,Adventure Tourism,,,,
Frigate Bay,,SKB,St. Kitts,KN,,Elite residential,,,,
Galapagos,,GPS,,EC,,Adventure Tourism,,,,
Gallows Bay,,STX,St. Croix,VI,,Elite residential,,,,
Gangnam,,ICN,Seoul,KR,,Elite residential,,,,
Gateway to Europe with a booming property market,,IST,Istanbul,TR,,Elite residential,,,,
Geneva,,GVA,Geneva,CH,,Elite residential,,,,
Georgetown,,DCA,Washington D.C.,US,,Elite residential,,,,
Giant Wave Surfing,,HNL,,US,Luxurious beachfront estates set the scene for world-class surfing and private helicopter tours.,Adventure Tourism,,,,
Gilligan's Bar,,CNS,Queensland,AU,Dynamic hostel with 2 bars and attached nightclubs,Luxury Hotel,,,,
Ginza,,NRT,Tokyo,JP,,Elite residential,,,,
Glacier National Park,,FCA,,US,,Adventure Tourism,,,,
Gold Coast,,ORD,Chicago,US,,Elite residential,,,,
Governor's Harbour,,GHB,,BS,,Elite residential,,,,
Grace Hotel,,JTR,,GR,Auberge Resorts,Luxury Hotel,,,,
Grand Canyon,,GCN,,US,,Adventure Tourism,,,,
Grand Cayman,,GCM,,KY,,Elite residential,,,,
Grand Hotel River Park,,BTS,,SK,Luxury Collection Hotels,Luxury Hotel,,,,
Grand Hotel Timeo,,CTA,,IT,,Luxury Hotel,,,,
Grande Lakes,,MCO,,US,JW Marriott,Luxury Hotel,,,,
Great Barrier Reef,,MKY,,AU,Explore the world's largest coral reef system with private yacht charters and luxurious island resorts.,Adventure Tourism,,,,
Great Barrier Reef,,CNS,,AU,,Adventure Tourism,,,,
Greenwich,,HAV,,US,,Elite residential,,,,
Grunewald,,BER,,DE,,Elite residential,,,,
Gstaad,,ZRH,Zurich,CH,,Elite residential,,,,
Ha Long Bay,,HPH,,VN,Cruise through mystical limestone formations with luxurious junks offering private balconies and gourmet meals.,Adventure Tourism,,,,
Hacienda AltaGracia,,SJO,,CR,Auberge Resorts,Luxury Hotel,,,,
Hainan Island,,SYX,Sanya,CN,Exclusive tropical paradise with luxury beach resorts,Luxury Hotel,,,,
Hakuba,,NGO,,JP,,Ski Resort,,,,
Hamilton Island,,HTI,,AU,,Elite residential,,,,
Hapuku Lodge + Tree Houses,,CHC,Canterbury,NZ,Polished rural hotel offering mountain and ocean views ,Luxury Hotel,,,,
Harrow School,,LHR,London,GB,,School,,,,
Harvard University,,BOS,Boston,US,,University,,,,
Heraklion,,HER,,GR,,Elite residential,,,,
Heraklion One&Only,,HER,,GR,One&Only,Luxury Hotel,,,,
Herne Bay,,AKL,Auckland,NZ,,Elite residential,,,,
Higashiyama Niseko Village,,CTS,,JP,Ritz-Carlton,Luxury Hotel,,,,
Highland Park,,DFW,Dallas,US,,Elite residential,,,,
Hilton Head Island,,HHH,,US,,Elite residential,,,,
Hilton Sydney,,SYD,New South Wales,AU,Upscale lodging offering a brasserie,Luxury Hotel,,,,
Hiram Bingham,,CUZ,,PE,,Luxury Hotel,,,,
Historic Centre of Bruges,,OST,,BE,,Elite residential,,,,
Holland Park,,LCY,London,GB,,Elite residential,,,,
HOSHINOYA Bali,,DPS,Bali,ID,HOSHINOYA,Luxury Hotel,,,,
HOSHINOYA Fuji,,HND,Tokyo,JP,HOSHINOYA,Luxury Hotel,,,,
HOSHINOYA Guguan,,TPE,,TW,HOSHINOYA,Luxury Hotel,,,,
HOSHINOYA Karuizawa,,NAG,,JP,HOSHINOYA,Luxury Hotel,,,,
HOSHINOYA Kyoto,,KIX,Osaka,JP,HOSHINOYA,Luxury Hotel,,,,
HOSHINOYA Okinawa,,OKA,,JP,HOSHINOYA,Luxury Hotel,,,,
HOSHINOYA Taketomi Island,,ISG,,JP,HOSHINOYA,Luxury Hotel,,,,
HOSHINOYA Tokyo,,HND,Tokyo,JP,HOSHINOYA,Luxury Hotel,,,,
Hotel Alfonso XIII,,SVQ,,ES,Luxury Collection Hotels,Luxury Hotel,,,,
Hotel Arts Barcelona,,BCN,Barcelona,ES,Ritz-Carlton,Luxury Hotel,,,,
Hotel Bristol,,VIE,,AT,Luxury Collection Hotels,Luxury Hotel,,,,
Hotel Bristol,,WAW,,PL,Luxury Collection Hotels,Luxury Hotel,,,,
Hotel Cala di Volpe,,OLB,,IT,Luxury Collection Hotels,Luxury Hotel,,,,
Hotel Cipriani,,VCE,,IT,,Luxury Hotel,,,,
Hotel das Cataratas,,IGU,,BR,,Luxury Hotel,,,,
Hôtel de Berri Champs-Élysées,,CDG,Paris,FR,Luxury Collection Hotels,Luxury Hotel,,,,
Hotel du Cap-Eden-Roc,,NCE,Nice,FR,Oetker Collection Hotels,Luxury Hotel,,,,
Hôtel du Couvent,,NCE,Nice,FR,Luxury Collection Hotels,Luxury Hotel,,,,
Hotel Goldener Hirsch,,SZG,,AT,Luxury Collection Hotels,Luxury Hotel,,,,
Hotel Grande Bretagne,,ATH,,GR,Luxury Collection Hotels,Luxury Hotel,,,,
Hotel Imperial,,VIE,,AT,Luxury Collection Hotels,Luxury Hotel,,,,
Hotel Jerome,,ASE,,US,Auberge Resorts,Luxury Hotel,,,,
Hotel La Palma,,NAP,,IT,Oetker Collection Hotels,Luxury Hotel,,,,
Hotel Maria Cristina,,EAS,,ES,Luxury Collection Hotels,Luxury Hotel,,,,
Hotel Marqués de Riscal,,VIT,,AR,Luxury Collection Hotels,Luxury Hotel,,,,
Hotel Paracas,,LIM,,PE,Luxury Collection Hotels,Luxury Hotel,,,,
Hotel President Wilson,,GVA,Geneva,CH,Luxury Collection Hotels,Luxury Hotel,,,,
HOTEL THE MITSUI KYOTO,,KIX,Osaka,JP,Luxury Collection Hotels,Luxury Hotel,,,,
Hub for luxury living and business,,DXB,Dubai,AE,,Elite residential,,,,
Hungarian GP,,BUD,,,Formula One race held at the Hungaroring,Elite Destination,47.58222,19.25111,,
Ibiza,,IBZ,,ES,Exclusive Mediterranean island known for its upscale beach clubs,Elite residential,,,,
Ibiza,,IBZ,,ES,,Elite residential,,,,
Ibiza,,IBZ,,ES,,Elite residential,,,,
Ibiza,,IBZ,,ES,,Elite residential,,,,
Iceland,,KEF,,IS,Witness geothermal wonders and glaciers with luxurious lodges offering private hot springs and Northern Lights viewing opportunities.,Adventure Tourism,,,,
Iceland's Ring Road,,KEF,,IS,,Adventure Tourism,,,,
Ilha Grande,,GIG,Rio de Janeiro,BR,A pristine island off the coast of Rio de Janeiro,Adventure Tourism,,,,
Imperial College London,,LHR,London,GB,,University,,,,
Indian Village,,DTW,,US,Historic neighborhood with distinctive early 20th-century mansions and a strong sense of community.,Elite residential,,,,
Institut Le Rosey,,GVA,Rolle,CH,,School,,,,
InterContinental Hayman Island Resort,,HTI,,AU,IHG Hotel,Luxury Hotel,,,,
Ipanema,2,GIG,Rio de Janeiro,BR,,Elite residential,,,,
IRAPH SUI,,OKA,,JP,Luxury Collection Hotels,Luxury Hotel,,,,
Ishigaki Island,,ISG,,JP,Remote island paradise offering exclusive diving spots,Adventure Tourism,,,,
Isle of Man,,IOM,,IM,Tranquil island escape with exclusive heritage sites,Elite residential,,,,
Istanbul,,IST,Istanbul,TR,,Elite residential,,,,
Italian GP,,MXP,,,Formula One race held at the Autodromo Nazionale Monza,Elite Destination,45.62056,9.28944,,
ITC Grand Chola,,MAA,,IN,Luxury Collection Hotels,Luxury Hotel,,,,
ITC Mughal,,AGR,,IN,Luxury Collection Hotels,Luxury Hotel,,,,
ITC Narmada,,AMD,,IN,Luxury Collection Hotels,Luxury Hotel,,,,
Jackson Hole,,JAC,,US,,Elite residential,,,,
Jackson Hole,,JAC,,US,,Ski Resort,,,,
Japanese GP,,NGO,,,Formula One race held at the Suzuka International Racing Course,Elite Destination,34.8417,136.5389,,
Jardins,,GRU,São Paulo,BR,Prestigious district with designer boutiques,Elite residential,,,,
Jardins,,GRU,São Paulo,BR,,Elite residential,,,,
Jeju City,,CJU,Jeju,KR,,Elite residential,,,,
Jeju Island,,CJU,,KR,Exclusive island getaway known for its volcanic landscapes,Luxury Hotel,,,,
Jimbaran Puri,,DPS,Bali,ID,,Luxury Hotel,,,,
Jingan District,,PVG,Shanghai,CN,Upscale area with luxury apartments,Elite residential,,,,
Jiuzhaigou,,JZH,,CN,A stunning national park in Sichuan Province,Adventure Tourism,,,,
John. F Kenedy Center for the Perfoming Arts,,DCA,,,,,,,,
José Ignacio,,PDP,,UY,An exclusive beach resort village near Punta del Este,Elite residential,,,,
Josun Palace,,ICN,Seoul,KR,Luxury Collection Hotels,Luxury Hotel,,,,
Jumby Bay Island,,ANU,,AG,Oetker Collection Hotels,Luxury Hotel,,,,
Jumeirah Beach,,DXB,Dubai,AE,,Elite residential,,,,
JW Marriott Absheron Baku,,GYD,,AZ,JW Marriott,Luxury Hotel,,,,
JW Marriott Atlanta Buckhead,,ATL,Atlanta,US,JW Marriott,Luxury Hotel,,,,
JW Marriott Auckland,,AKL,Auckland,NZ,JW Marriott,Luxury Hotel,,,,
JW Marriott Austin,,AUS,,US,JW Marriott,Luxury Hotel,,,,
JW Marriott Bengaluru Prestige Golfshire Resort & Spa,,BLR,,IN,JW Marriott,Luxury Hotel,,,,
JW Marriott Bucharest Grand Hotel,,OTP,,RO,JW Marriott,Luxury Hotel,,,,
JW Marriott Cancun Resort & Spa,,CUN,,MX,JW Marriott,Luxury Hotel,,,,
JW Marriott Cannes,,NCE,Nice,FR,JW Marriott,Luxury Hotel,,,,
JW Marriott Charlotte,,CLT,,US,JW Marriott,Luxury Hotel,,,,
JW Marriott Chicago,,ORD,Chicago,US,JW Marriott,Luxury Hotel,,,,
JW Marriott Clearwater Beach Resort & Spa,,PIE,,US,JW Marriott,Luxury Hotel,,,,
JW Marriott Dallas Arts District,,DFW,Dallas,US,JW Marriott,Luxury Hotel,,,,
JW Marriott Desert Springs Resort & Spa,,PSP,,US,JW Marriott,Luxury Hotel,,,,
JW Marriott Dongdaemun Square Seoul,,ICN,Seoul,KR,JW Marriott,Luxury Hotel,,,,
JW Marriott Edmonton ICE District,,YEG,,CA,JW Marriott,Luxury Hotel,,,,
JW Marriott El Convento Cusco,,CUZ,,PE,JW Marriott,Luxury Hotel,,,,
JW Marriott Essex House New York,,JFK,New York,US,JW Marriott,Luxury Hotel,,,,
JW Marriott Goa,,GOI,,IN,JW Marriott,Luxury Hotel,,,,
JW Marriott Gold Coast Resort & Spa,,OOL,,AU,JW Marriott,Luxury Hotel,,,,
JW Marriott Grosvenor House London,,LHR,London,GB,JW Marriott,Luxury Hotel,,,,
JW Marriott Guanacaste Resort & Spa,,LIR,,CR,JW Marriott,Luxury Hotel,,,,
JW Marriott Hotel Ankara,,ESB,,TR,JW Marriott,Luxury Hotel,,,,
JW Marriott Hotel Bangkok,,BKK,Bangkok,TH,JW Marriott,Luxury Hotel,,,,
JW Marriott Hotel Beijing,,PKX,Beijing,CN,JW Marriott,Luxury Hotel,,,,
JW Marriott Hotel Beijing Central,,PEK,Beijing,CN,JW Marriott,Luxury Hotel,,,,
JW Marriott Hotel Bengaluru,,BLR,,IN,JW Marriott,Luxury Hotel,,,,
JW Marriott Hotel Berlin,,BER,,DE,JW Marriott,Luxury Hotel,,,,
JW Marriott Hotel Bogota,,BOG,,CO,JW Marriott,Luxury Hotel,,,,
JW Marriott Hotel Cairo,,CAI,,EG,JW Marriott,Luxury Hotel,,,,
JW Marriott Hotel Caracas,,CCS,,VE,JW Marriott,Luxury Hotel,,,,
JW Marriott Hotel Chandigarh,,IXC,,IN,JW Marriott,Luxury Hotel,,,,
JW Marriott Hotel Changsha,,CSX,,CN,JW Marriott,Luxury Hotel,,,,
JW Marriott Hotel Chengdu,,CTU,,CN,JW Marriott,Luxury Hotel,,,,
JW Marriott Hotel Frankfurt,,FRA,Frangford am Maa,DE,JW Marriott,Luxury Hotel,,,,
JW Marriott Hotel Guadalajara,,GDL,,MX,JW Marriott,Luxury Hotel,,,,
JW Marriott Hotel Hangzhou,,HGH,,CN,JW Marriott,Luxury Hotel,,,,
JW Marriott Hotel Hanoi,,HAN,,VN,JW Marriott,Luxury Hotel,,,,
JW Marriott Hotel Harbin River North,,HRB,,CN,JW Marriott,Luxury Hotel,,,,
JW Marriott Hotel Hong Kong,,HKG,Hong Kong,HK,JW Marriott,Luxury Hotel,,,,
JW Marriott Hotel Istanbul Marmara Sea,,IST,Istanbul,TR,JW Marriott,Luxury Hotel,,,,
JW Marriott Hotel Jakarta,,CGK,,ID,JW Marriott,Luxury Hotel,,,,
JW Marriott Hotel Kolkata,,CCU,,IN,JW Marriott,Luxury Hotel,,,,
JW Marriott Hotel Kuala Lumpur,,KUL,,MY,JW Marriott,Luxury Hotel,,,,
JW Marriott Hotel Kuwait City,,KWI,,KW,JW Marriott,Luxury Hotel,,,,
JW Marriott Hotel Lima,,LIM,,PE,JW Marriott,Luxury Hotel,,,,
JW Marriott Hotel Macau,,MFM,Macau,MO,JW Marriott,Luxury Hotel,,,,
JW Marriott Hotel Madrid,,MAD,Madrid,ES,JW Marriott,Luxury Hotel,,,,
JW Marriott Hotel Marina,,DXB,Dubai,AE,JW Marriott,Luxury Hotel,,,,
JW Marriott Hotel Medan,,KNO,,ID,JW Marriott,Luxury Hotel,,,,
JW Marriott Hotel Mexico City Polanco,,MEX,Mexico City,MX,JW Marriott,Luxury Hotel,,,,
JW Marriott Hotel Mexico City Santa Fe,,MEX,Mexico City,MX,JW Marriott,Luxury Hotel,,,,
JW Marriott Hotel Monterrey Valle,,MTY,,MX,JW Marriott,Luxury Hotel,,,,
JW Marriott Hotel Muscat,,MCT,,OM,JW Marriott,Luxury Hotel,,,,
JW Marriott Hotel Nairobi,,NBO,,KE,JW Marriott,Luxury Hotel,,,,
JW Marriott Hotel Nara,,ITM,Osaka,JP,JW Marriott,Luxury Hotel,,,,
JW Marriott Hotel New Delhi Aerocity,,DEL,Delhi,IN,JW Marriott,Luxury Hotel,,,,
JW Marriott Hotel Pune,,PNQ,,IN,JW Marriott,Luxury Hotel,,,,
JW Marriott Hotel Qufu,,JNG,,CN,JW Marriott,Luxury Hotel,,,,
JW Marriott Hotel Rio de Janeiro,,GIG,Rio de Janeiro,BR,JW Marriott,Luxury Hotel,,,,
JW Marriott Hotel Riyadh,,RUH,,SA,JW Marriott,Luxury Hotel,,,,
JW Marriott Hotel Santo Domingo,,SDQ,,DO,JW Marriott,Luxury Hotel,,,,
JW Marriott Hotel Sanya Dadonghai Bay,,SYX,Sanya,CN,JW Marriott,Luxury Hotel,,,,
JW Marriott Hotel Sao Paulo,,GRU,São Paulo,BR,JW Marriott,Luxury Hotel,,,,
JW Marriott Hotel Seoul,,ICN,Seoul,KR,JW Marriott,Luxury Hotel,,,,
JW Marriott Hotel Shanghai at Tomorrow Square,,PVG,Shanghai,CN,JW Marriott,Luxury Hotel,,,,
JW Marriott Hotel Shanghai Changfeng Park,,PVG,Shanghai,CN,JW Marriott,Luxury Hotel,,,,
JW Marriott Hotel Shanghai Fengxian,,PVG,Shanghai,CN,JW Marriott,Luxury Hotel,,,,
JW Marriott Hotel Shenzhen,,SZX,Shenzhen,CN,JW Marriott,Luxury Hotel,,,,
JW Marriott Hotel Shenzhen Bao'an,,SZX,Shenzhen,CN,JW Marriott,Luxury Hotel,,,,
JW Marriott Hotel Singapore South Beach,,SIN,Singapore,SG,JW Marriott,Luxury Hotel,,,,
JW Marriott Hotel Surabaya,,SUB,,ID,JW Marriott,Luxury Hotel,,,,
JW Marriott Hotel Taiyuan,,TYN,,CN,JW Marriott,Luxury Hotel,,,,
JW Marriott Hotel Xi'an,,XIY,,CN,JW Marriott,Luxury Hotel,,,,
JW Marriott Hotel Xi'an Southwest,,XIY,,CN,JW Marriott,Luxury Hotel,,,,
JW Marriott Hotel Yinchuan,,INC,,CN,JW Marriott,Luxury Hotel,,,,
JW Marriott Hotel Zhejiang Anji,,HGH,,CN,JW Marriott,Luxury Hotel,,,,
JW Marriott Hotel Zhengzhou,,CGO,,CN,JW Marriott,Luxury Hotel,,,,
JW Marriott Houston Downtown,,IAH,Houston,US,JW Marriott,Luxury Hotel,,,,
JW Marriott Indianapolis,,IND,,US,JW Marriott,Luxury Hotel,,,,
JW Marriott Istanbul Bosphorus,,IST,Istanbul,TR,JW Marriott,Luxury Hotel,,,,
JW Marriott Jeju Resort & Spa,,CJU,,KR,JW Marriott,Luxury Hotel,,,,
JW Marriott Khao Lak Resort & Spa,,HKT,,TH,JW Marriott,Luxury Hotel,,,,
JW Marriott Khao Lak Resort Suites,,HKT,,TH,JW Marriott,Luxury Hotel,,,,
JW Marriott Las Vegas Resort & Spa,,LAS,,US,JW Marriott,Luxury Hotel,,,,
JW Marriott Los Angeles L.A. LIVE,,LGB,Los Angeles,US,JW Marriott,Luxury Hotel,,,,
JW Marriott Los Cabos Beach Resort & Spa,,SJD,Los Cabos,MX,JW Marriott,Luxury Hotel,,,,
JW Marriott Maldives Resort & Spa,,MLE,Male,MV,JW Marriott,Luxury Hotel,,,,
JW Marriott Marco Island Beach Resort,,RSW,,US,JW Marriott,Luxury Hotel,,,,
JW Marriott Marquis City Center Doha,,DOH,,QA,JW Marriott,Luxury Hotel,,,,
JW Marriott Marquis Hotel Dubai,,DXB,Dubai,AE,JW Marriott,Luxury Hotel,,,,
JW Marriott Marquis Hotel Shanghai Pudong,,PVG,Shanghai,CN,JW Marriott,Luxury Hotel,,,,
JW Marriott Marquis Miami,,FLL,Miami,US,JW Marriott,Luxury Hotel,,,,
JW Marriott Masai Mara Lodge,,NBO,,KE,JW Marriott,Luxury Hotel,,,,
JW Marriott Mauritius Resort,,MRU,,MU,JW Marriott,Luxury Hotel,,,,
JW Marriott Miami,,MIA,Miami,US,JW Marriott,Luxury Hotel,,,,
JW Marriott Miami Turnberry Resort & Spa,,MIA,Miami,US,JW Marriott,Luxury Hotel,,,,
JW Marriott Mumbai Juhu,,BOM,Mumbai,IN,JW Marriott,Luxury Hotel,,,,
JW Marriott Mumbai Sahar,,BOM,Mumbai,IN,JW Marriott,Luxury Hotel,,,,
JW Marriott Mussoorie Walnut Grove Resort & Spa,,DEL,Delhi,IN,JW Marriott,Luxury Hotel,,,,
JW Marriott Nashville,,BNA,,US,JW Marriott,Luxury Hotel,,,,
JW Marriott New Orleans,,MSY,,US,JW Marriott,Luxury Hotel,,,,
JW Marriott Orlando Bonnet Creek Resort & Spa,,MCO,,US,JW Marriott,Luxury Hotel,,,,
JW Marriott Panama,,PTY,,PA,JW Marriott,Luxury Hotel,,,,
JW Marriott Parq Vancouver,,YVR,,CA,JW Marriott,Luxury Hotel,,,,
JW Marriott Phoenix Desert Ridge Resort & Spa,,PHX,,US,JW Marriott,Luxury Hotel,,,,
JW Marriott Phu Quoc Emerald Bay Resort & Spa,,PQC,,VN,JW Marriott,Luxury Hotel,,,,
JW Marriott Phuket Resort & Spa,,HKT,,TH,JW Marriott,Luxury Hotel,,,,
JW Marriott Quito,,UIO,,EC,JW Marriott,Luxury Hotel,,,,
JW Marriott San Antonio Hill Country Resort & Spa,,SAT,,US,JW Marriott,Luxury Hotel,,,,
JW Marriott San Francisco Union Square,,SFO,San Francisco,US,JW Marriott,Luxury Hotel,,,,
JW Marriott Sanya Haitang Bay Resort & Spa,,SYX,Sanya,CN,JW Marriott,Luxury Hotel,,,,
JW Marriott Savannah Plant Riverside District,,SAV,,US,JW Marriott,Luxury Hotel,,,,
JW Marriott Scottsdale Camelback Inn Resort & Spa,,PHX,,US,JW Marriott,Luxury Hotel,,,,
JW Marriott St. Maarten Beach Resort & Spa,,SXM,,SX,JW Marriott,Luxury Hotel,,,,
JW Marriott Tampa Water Street,,TPA,,US,JW Marriott,Luxury Hotel,,,,
JW Marriott The Rosseau Muskoka Resort & Spa,,YQA,,CA,JW Marriott,Luxury Hotel,,,,
JW Marriott Tucson Starr Pass Resort & Spa,,TUS,,US,JW Marriott,Luxury Hotel,,,,
JW Marriott Venice Resort & Spa,,VCE,,IT,JW Marriott,Luxury Hotel,,,,
JW Marriott Washington,,DCA,Washington D.C.,US,JW Marriott,Luxury Hotel,,,,
Kachina Village,,ASE,,US,,Elite residential,,,,
Kahului,,OGG,,US,,Adventure Tourism,,,,
Kakadu National Park,,DRW,,AU,,Adventure Tourism,,,,
Kensington,,LHR,London,GB,,Elite residential,,,,
Kenting,,KHH,,TW,Exclusive coastal destination famed for its luxury seaside resorts,Luxury Hotel,,,,
Kerala Backwaters,,COK,,IN,Cruise through serene backwaters on luxurious houseboats,Adventure Tourism,,,,
Ketchum,,SUN,,US,,Elite residential,,,,
Key West,,EYW,,US,,Elite residential,,,,
King George,,ATH,,GR,Luxury Collection Hotels,Luxury Hotel,,,,
Kitay-Gorod,,SVO,Moscow,RU,,Elite residential,,,,
Kitzbühel,,SZG,,AT,,Ski Resort,,,,
Knightsbridge,,LGW,London,GB,,Elite residential,,,,
Knightsbridge,,LCY,London,GB,,Elite residential,,,,
Koenigshof,,MUC,Munich,DE,Luxury Collection Hotels,Luxury Hotel,,,,
Kok-Tobe District,,ALA,Almaty,KZ,,Elite residential,,,,
Kolonaki,,ATH,,GR,,Elite residential,,,,
Kolonaki,,ATH,,GR,,Elite residential,,,,
Komodo National Park,,LBJ,,ID,Encounter Komodo dragons and other unique wildlife with luxurious liveaboard diving experiences and private island stays.,Adventure Tourism,,,,
Kremlin,,SVO,,RU,,Elite Destination,,,,
Krestovsky Island,,LED,,RU,Exclusive island known for its historic mansions and yacht clubs,Elite residential,,,,
Kruger National Park,,MQP,,ZA,,Adventure Tourism,,,,
Kuwait City,,KWI,,KW,,Elite residential,,,,
L'Apogée Courchevel,,LYS,,FR,Oetker Collection Hotels,Luxury Hotel,,,,
La Condesa,,MEX,Mexico City,MX,,Elite residential,,,,
La Résidence d’Angkor,,SAI,,KH,,Luxury Hotel,,,,
La Résidence Phou Vao,,LPQ,,LA,,Luxury Hotel,,,,
La Residencia,,PMI,,ES,,Luxury Hotel,,,,
La Samanna,,SXM,,MF,,Elite residential,,,,
La Samanna,,SXM,,SX,,Elite residential,,,,
Langkawi,,LGK,,MY,Exclusive Malaysian archipelago known for its luxury beach resorts,Elite residential,,,,
Lara,,AYT,Antalya,TR,,Elite residential,,,,
Las Alcobas,,MEX,Mexico City,MX,Luxury Collection Hotels,Luxury Hotel,,,,
Las Casitas,,AQP,,PE,,Luxury Hotel,,,,
Las Vegas GP,,LAS,,,Formula One race held at the Las Vegas Strip Circuit,Elite Destination,36.11,-115.16222,,
Laureles,,MED,Medellín,CO,,Elite residential,,,,
Le Bristol Paris,,ORY,Paris,FR,Oetker Collection Hotels,Luxury Hotel,,,,
Le Manoir aux Quat'Saisons,,LCY,London,GB,,Luxury Hotel,,,,
Lech am Arlberg,,INN,,AT,,Luxury Hotel,,,,
Lhasa,,LXA,,CN,The capital city of Tibet,Adventure Tourism,,,,
Lizard Island,,CNS,Queensland,AU,Upmarket nature retreat,Luxury Hotel,,,,
Lofoten Islands,,EVE,,NO,,Adventure Tourism,,,,
Lomas de Chapultepec,,MEX,Mexico City,MX,,Elite residential,,,,
Lugal,,ESB,,TR,Luxury Collection Hotels,Luxury Hotel,,,,
Macau,,MFM,Macau,MO,,Elite residential,,,,
Mackinac Island,,PLN,,US,,Elite residential,,,,
Madeline Hotel and Residences,,TEX,,US,Auberge Resorts,Luxury Hotel,,,,
Madina,,MED,,SA,The Oberoi,Luxury Hotel,,,,
Madrid,,MAD,Madrid,ES,,Elite residential,,,,
Magnificent Mile,,MDW,,,,,,,,
Maldives,,MLE,Male,MV,,Elite residential,,,,
Manama,,BAH,,BH,,Elite residential,,,,
Mandapa,,DPS,Bali,ID,Ritz-Carlton,Luxury Hotel,,,,
Mandarin Oriental Abu Dhabi,,AUH,Abu Dhabi,AE,Mandarin Oriental,Luxury Hotel,,,,
Mandarin Oriental Bangkok,,BKK,Bangkok,TH,Mandarin Oriental,Luxury Hotel,,,,
Mandarin Oriental Barcelona,,BCN,Barcelona,ES,Mandarin Oriental,Luxury Hotel,,,,
Mandarin Oriental Beijing,,PEK,Beijing,CN,Mandarin Oriental,Luxury Hotel,,,,
Mandarin Oriental Bodrum,,BJV,,TR,Mandarin Oriental,Luxury Hotel,,,,
Mandarin Oriental Boston,,BOS,Boston,US,Mandarin Oriental,Luxury Hotel,,,,
Mandarin Oriental Canouan (Canouan,,CIW,,VC,Mandarin Oriental,Luxury Hotel,,,,
Mandarin Oriental Costa Navarino,,KLX,,GR,Mandarin Oriental,Luxury Hotel,,,,
Mandarin Oriental Doha,,DOH,,QA,Mandarin Oriental,Luxury Hotel,,,,
Mandarin Oriental Dubai,,DXB,Dubai,AE,Mandarin Oriental,Luxury Hotel,,,,
Mandarin Oriental Geneva,,GVA,Geneva,CH,Mandarin Oriental,Luxury Hotel,,,,
Mandarin Oriental Guangzhou,,CAN,,CN,Mandarin Oriental,Luxury Hotel,,,,
Mandarin Oriental Hong Kong,,HKG,Hong Kong,HK,Mandarin Oriental,Luxury Hotel,,,,
Mandarin Oriental Istanbul,,IST,Istanbul,TR,Mandarin Oriental,Luxury Hotel,,,,
Mandarin Oriental Jakarta,,CGK,,ID,Mandarin Oriental,Luxury Hotel,,,,
Mandarin Oriental Kuala Lumpur,,KUL,,MY,Mandarin Oriental,Luxury Hotel,,,,
Mandarin Oriental Lake Como,,MXP,Milan,IT,Mandarin Oriental,Luxury Hotel,,,,
Mandarin Oriental Lucerne,,ZRH,Zurich,CH,Mandarin Oriental,Luxury Hotel,,,,
Mandarin Oriental Luzern,,ZRH,Zurich,CH,Mandarin Oriental,Luxury Hotel,,,,
Mandarin Oriental Macau,,MFM,Macau,MO,Mandarin Oriental,Luxury Hotel,,,,
Mandarin Oriental Madrid,,MAD,Madrid,ES,Mandarin Oriental,Luxury Hotel,,,,
Mandarin Oriental Mandarin Oriental,,LHR,London,GB,Mandarin Oriental,Luxury Hotel,,,,
Mandarin Oriental Marrakech,,RAK,,MA,Mandarin Oriental,Luxury Hotel,,,,
Mandarin Oriental Miami,,MIA,Miami,US,Mandarin Oriental,Luxury Hotel,,,,
Mandarin Oriental Milan,,MXP,Milan,IT,Mandarin Oriental,Luxury Hotel,,,,
Mandarin Oriental Munich,,MUC,Munich,DE,Mandarin Oriental,Luxury Hotel,,,,
Mandarin Oriental New York,,JFK,New York,US,Mandarin Oriental,Luxury Hotel,,,,
Mandarin Oriental Prague,,PRG,,CZ,Mandarin Oriental,Luxury Hotel,,,,
Mandarin Oriental Riyadh,,RUH,,SA,Mandarin Oriental,Luxury Hotel,,,,
Mandarin Oriental Santiago Spain,,SCQ,,ES,Mandarin Oriental,Luxury Hotel,,,,
Mandarin Oriental Sanya,,SYX,Sanya,CN,Mandarin Oriental,Luxury Hotel,,,,
Mandarin Oriental Shanghai,,PVG,Shanghai,CN,Mandarin Oriental,Luxury Hotel,,,,
Mandarin Oriental Shenzhen,,SZX,Shenzhen,CN,Mandarin Oriental,Luxury Hotel,,,,
Mandarin Oriental Singapore,,SIN,Singapore,SG,Mandarin Oriental,Luxury Hotel,,,,
Mandarin Oriental Taipei,,TPE,,TW,Mandarin Oriental,Luxury Hotel,,,,
Mandarin Oriental Tokyo,,NRT,Tokyo,JP,Mandarin Oriental,Luxury Hotel,,,,
Mara Serena Lodge,,MRE,,KE,,Adventure Tourism,,,,
Maroma,,CUN,,MX,,Luxury Hotel,,,,
Marrakesh,,RAK,,MA,Explore vibrant markets and historic sites with luxurious riads offering personalized service and traditional hammam experiences.,Adventure Tourism,,,,
Marriot Harbor Beach Resort & Spa,,FLL,,,,,,,,
Marsh Harbour,,MHH,,BS,,Elite residential,,,,
Martha's Vineyard,,MVY,,US,,Elite residential,,,,
Martha's Vineyard,,MVY,,US,,Elite residential,,,,
Massachusetts Institute of Technology,,BOS,Boston,US,,University,,,,
Matild Palace,,BUD,,HU,Luxury Collection Hotels,Luxury Hotel,,,,
Mauna Lani,,LNY,,US,Auberge Resorts,Luxury Hotel,,,,
Mauritius,,MRU,,MU,,Elite residential,,,,
Mayfair,,LCY,London,GB,,Elite residential,,,,
Mayflower Inn & Spa,,BDL,,US,Auberge Resorts,Luxury Hotel,,,,
Mayo Clinic,,RST,,US,"Renowned medical institution offering cutting-edge treatments and comprehensive executive health evaluations, attracting clientele seeking the premier healthcare.",Elite Destination,,,,
Meixi Lake Hotel,,CSX,,CN,Luxury Collection Hotels,Luxury Hotel,,,,
Menteng,,CGK,,ID,,Elite residential,,,,
Met Gala,,JFK,,US,"Ultra-exclusive fashion event at the Metropolitan Museum of Art, known for extravagant themes and celebrity attendees.",Elite Destination,,,,
Mexican GP,,MEX,,,Formula One race held at the Autódromo Hermanos Rodríguez,Elite Destination,19.40611,-99.0925,,
Miami Beach,,MIA,Miami,US,,Elite residential,,,,
Miami Beach EDITION,,MIA,Miami,US,EDITION,Luxury Hotel,,,,
Miami GP,,MIA,,,Formula One race held at the Miami International Autodrome,Elite Destination,25.95806,-80.23889,,
Miraflores Park,,LIM,,PE,,Luxury Hotel,,,,
Mitte,,BER,,DE,,Elite residential,,,,
Moganshan,,HGH,,CN,A mountain retreat near Hangzhou,Adventure Tourism,,,,
Mogao Caves,,JGN,,CN,A UNESCO World Heritage site in Gansu Province,Adventure Tourism,,,,
Moken Islands,,KAW,,MM,Experience pristine beaches and encounters with the indigenous Moken people on exclusive yacht charters or private island stays.,Adventure Tourism,,,,
Monaco,2,NCE,Nice,FR,,Elite residential,,,,
Monaco GP,,NCE,,,Formula One race held at the Circuit de Monaco,Elite Destination,43.73472,7.42056,,
Monaco Grand Prix,,NCE,,FR,,Elite Destination,,,,
Monasterio,,CUZ,,PE,,Luxury Hotel,,,,
Montage Big Sky,,BZN,,US,Montage,Luxury Hotel,,,,
Montage Cay,,NAS,,BM,Montage,Luxury Hotel,,,,
Montage Deer Valley,,SLC,,US,Montage,Luxury Hotel,,,,
Montage Healdsburg,,STS,,US,Montage,Luxury Hotel,,,,
Montage Kapalua Bay,,OGG,,US,Montage,Luxury Hotel,,,,
Montage Laguna Beach,,LAX,Los Angeles,US,Montage,Luxury Hotel,,,,
Montage Los Cabos,,SJD,Los Cabos,MX,Montage,Luxury Hotel,,,,
Montage Palmetto Bluff,,SAV,,US,Montage,Luxury Hotel,,,,
Montage Punta Mita,,PVR,Puerto Vallarta,MX,Montage,Luxury Hotel,,,,
Montauk,,ISP,,US,,Elite residential,,,,
Montego Bay,,MBJ,,JM,,Elite residential,,,,
Mount Everest Base Camp,,LUA,,NP,,Adventure Tourism,,,,
Mount Nelson,,CPT,,ZA,,Luxury Hotel,,,,
Muscat,,MCT,,OM,,Elite residential,,,,
Mustique,,MQS,,VC,"A small, private island with villas attracting celebrities and royalty, offering privacy and seclusion.",Elite residential,,,,
Mykonos,,JMK,,GR,,Elite residential,,,,
Mykonos Town,,JMK,Mykonos,GR,,Elite residential,,,,
Mystique,,JTR,,GR,Luxury Collection Hotels,Luxury Hotel,,,,
Na Lotus Hotel,,NNG,,CN,Luxury Collection Hotels,Luxury Hotel,,,,
Nam Island,,HAN,,VN,Exclusive enclave with French colonial villas,Elite residential,,,,
Namib Desert,,WVB,,NA,Witness iconic sand dunes and unique desert landscapes with luxury lodges offering private stargazing and wildlife viewing.,Adventure Tourism,,,,
Namib Desert,,WDH,,NA,,Adventure Tourism,,,,
Nantucket,,ACK,,US,,Elite residential,,,,
Nantucket,,ACK,,US,,Elite residential,,,,
Napasai,,USM,,TH,,Luxury Hotel,,,,
Naples,,APF,,US,,Elite residential,,,,
Nara Pranburi,,BKK,Bangkok,TH,Secluded beachfront community with luxury villas,Elite residential,,,,
National Diet Building,,HND,Tokyo,JP,,Elite Destination,,,,
National University of Singapore,,SIN,Singapore,SG,,University,,,,
Neuilly-sur-Seine,,CDG,Paris,FR,,Elite residential,,,,
Neuilly-sur-Seine,,ORY,Paris,FR,,Elite residential,,,,
New Farm,,BNE,Brisbane,AU,,Elite residential,,,,
Newport Beach,2,SNA,Los Angeles,US,,Elite residential,,,,
Nîmes,,NCE,Nice,FR,,Elite residential,,,,
Niseko,,CTS,,JP,Elite ski destination on the island of Hokkaido renowned for its powder snow,Ski Resort,,,,
Noosa Heads,,XSC,Sunshine Coast,AU,,Elite residential,,,,
North Island,,SEZ,,SC,Luxury Collection Hotels,Luxury Hotel,,,,
Noumea,,NOU,,NC,,Elite residential,,,,
NRMA Darlington Beach Holiday Resort,,SYD,New South Wales,AU,,Luxury Hotel,,,,
Nyhavn,,CPH,,DK,,Elite residential,,,,
Old Palo Alto,,SJC,San Jose,US,,Elite residential,,,,
One&Only,,CUN,,MK,One&Only,Luxury Hotel,,,,
One&Only,,SJD,Los Cabos,MK,One&Only,Luxury Hotel,,,,
One&Only,,KUL,,MY,One&Only,Luxury Hotel,,,,
One&Only,,KGL,,RW,One&Only,Luxury Hotel,,,,
One&Only,,BZN,,US,One&Only,Luxury Hotel,,,,
One&Only Dubai,,DXB,Dubai,AE,One&Only,Luxury Hotel,,,,
One&Only Male,,MLE,Male,MZ,One&Only,Luxury Hotel,,,,
One&Only Mauritius,,MRU,,MU,One&Only,Luxury Hotel,,,,
Orchard Road,,SIN,Singapore,SG,,Elite residential,,,,
Oslo,,OSL,,NO,,Elite residential,,,,
Österlen,,MMX,,SE,,Elite residential,,,,
Östermalm,,ARN,,SE,,Elite residential,,,,
Östermalm,,ARN,,SE,,Elite residential,,,,
Oud-Zuid,,AMS,,NL,,Elite residential,,,,
Pacific Heights,,SFO,San Francisco,US,,Elite residential,,,,
Palace of Westminster,,LHR,London,GB,,Elite Destination,,,country,COUNTA of country
Palacio do Planalto,,BSB,,BR,,Elite Destination,,,US,244
Palacio Nazarenas,,CUZ,,PE,,Luxury Hotel,,,CN,95
Palácio Tangará,,GRU,São Paulo,BR,Oetker Collection Hotels,Luxury Hotel,,,IT,46
Palawan,,PPS,,PH,Explore hidden lagoons and pristine beaches with exclusive island resorts offering private pools and personalized service.,Adventure Tourism,,,JP,41
Palio di Siena,,FLR,"Siena, Italy",IT,"Historic, twice-yearly horse race held in the heart of Siena, with bareback riders representing different districts, filled with pageantry and tradition.",Elite Destination,,,MX,38
Paradise Cove,,LIH,Lihue,US,,Elite residential,,,IN,36
Paradise Valley,,PHX,Phoenix,US,,Elite residential,,,FR,36
Paragraph Freedom Square,,TBS,,GE,Luxury Collection Hotels,Luxury Hotel,,,ID,34
Parioli,,FCO,Rome,IT,,Elite residential,,,AU,34
Parioli,,FCO,,IT,,Elite residential,,,GB,29
Park Hyatt Sydney,,SYD,New South Wales,AU,Posh harbourside hotel across from the Sydney Opera House,Luxury Hotel,,,AE,29
Park Tower,,EZE,,AR,Luxury Collection Hotels,Luxury Hotel,,,TH,27
Parklane,,LCA,,CY,Luxury Collection Hotels,Luxury Hotel,,,ES,26
Parnell,,AKL,Auckland,NZ,,Elite residential,,,BR,24
Paseo de la Reforma,,MEX,Mexico City,MX,,Elite residential,,,TR,23
Patriarshiye Ponds,,SVO,Moscow,RU,Trendy neighborhood with upscale restaurants and designer boutiques,Elite residential,,,GR,22
Penghu Islands,,MZG,,TW,Exclusive island chain with secluded beaches,Elite residential,,,,22
Penha Longa Resort,,LIS,,PT,Ritz-Carlton,Luxury Hotel,,,CH,21
Petra,,AMM,,JO,Explore the ancient Nabataean city with high-end hotels and private guided tours.,Adventure Tourism,,,CA,18
Philadelphia Theater,,PHL,,,,,,,DE,16
Phillips Academy Andover,,BOS,,US,,School,,,NZ,14
Phillips Exeter Academy,,BOS,Exeter,US,,School,,,SA,13
Phu Quoc Island,,PQC,,VN,,Luxury Hotel,,,HK,12
Phuket,,HKT,,TH,,Elite residential,,,SG,11
Phulay Bay,,KBV,,TH,Ritz-Carlton,Luxury Hotel,,,PE,11
Pine Cliffs Ocean Suites,,FAO,,PT,Luxury Collection Hotels,Luxury Hotel,,,MY,11
Pisa,,PSA,,IT,,Elite residential,,,QA,10
Podere San Filippo,,FLR,Firenze,IT,COMO,Luxury Hotel,,,MV,10
Polanco,,MEX,Mexico City,MX,,Elite residential,,,KR,10
Polar bears,,LYR,,NO,,Adventure Tourism,,,ZA,9
Pondok Indah,,CGK,,ID,,Elite residential,,,VN,9
Portillo,,SCL,,CL,,Ski Resort,,,MA,9
Porto Cervo,,OLB,,IT,Exclusive seaside resort in Sardinia known for its luxury yacht marinas,Luxury Hotel,,,EG,9
Prestigious countryside estates favored by affluent investors,,FRA,Frangford am Maa,DE,,Elite residential,,,AR,9
Primland Resort,,ROA,,US,Auberge Resorts,Luxury Hotel,,,RU,7
Prince de Galles,,CDG,Paris,FR,Luxury Collection Hotels,Luxury Hotel,,,MO,7
Princeton University,,EWR,New York,US,,University,,,AT,7
Puerto Cancun,,CUN,Cancún,MX,,Elite residential,,,PT,6
Puerto Madero,,AEP,Buenos Aires,AR,,Elite residential,,,JO,6
Puerto Madero,,EZE,,AR,,Elite residential,,,CO,6
Punta del Este,,PDP,,UY,A glamorous resort town on Uruguay's southeastern coast,Elite residential,,,BT,6
Punta Mita,,PVR,Puerto Vallarta,MX,,Elite residential,,,TC,5
Pyeongchang-dong,,ICN,Seoul,KR,,Elite residential,,,SC,5
Qatar GP,,DOH,,,Formula One race held at the Lusail International Circuit,Elite Destination,25.49,51.45417,OM,5
Queen Elizabeth National Park,,EBB,,UG,Track chimpanzees and gorillas in lush rainforests with high-end lodges boasting exceptional wildlife viewing.,Adventure Tourism,,,KZ,5
Queenstown,,ZQN,,NZ,,Elite residential,,,KW,5
Queenstown,,ZQN,,NZ,,Ski Resort,,,KH,5
Raja Ampat Islands,,RJM,,ID,Dive into a biodiverse coral paradise with exclusive liveaboard diving experiences.,Adventure Tourism,,,DO,5
Rancho Santa Fe,,SAN,,US,Exclusive community known for its sprawling estates,Elite residential,,,CL,5
Rashtrapati Bhavan,,DEL,Delhi,IN,,Elite Destination,,,BS,5
Rathmines,,DUB,,IE,,Elite residential,,,BM,5
Recoleta,,EZE,,AR,,Elite residential,,,UY,4
Reges,,ADB,,TR,Luxury Collection Hotels,Luxury Hotel,,,TW,4
Reid's Palace,,FNC,,PT,,Luxury Hotel,,,PH,4
Remuera,,AKL,Auckland,NZ,,Elite residential,,,NO,4
Repulse Bay,,HKG,Hong Kong,HK,,Elite residential,,,MU,4
Rissai Valley,,JZH,,CN,Ritz-Carlton,Luxury Hotel,,,IL,4
River Oaks,,HOU,Houston,US,,Elite residential,,,FJ,4
Riveria,,MRS,,FR,,Elite residential,,,CR,4
Roma Norte,,MEX,Mexico City,MX,,Elite residential,,,VI,3
Romazzino,,OLB,,IT,,Luxury Hotel,,,VG,3
Rosedale,2,YYZ,Toronto,CA,,Elite residential,,,SE,3
Rosewood Abu Dhabi,,AUH,Abu Dhabi,AE,Rosewood Hotel,Luxury Hotel,,,PR,3
Rosewood Alta Badia,,BZO,,IT,Rosewood Hotel,Luxury Hotel,,,PF,3
Rosewood Alwar,,DEL,Delhi,IN,Rosewood Hotel,Luxury Hotel,,,NP,3
Rosewood Bangkok,,BKK,Bangkok,TH,Rosewood Hotel,Luxury Hotel,,,ME,3
Rosewood Beijing,,PEK,Beijing,CN,Rosewood Hotel,Luxury Hotel,,,LA,3
Rosewood Bermuda,,BDA,,BM,Rosewood Hotel,Luxury Hotel,,,KE,3
Rosewood Beverly Hills,,BUR,Los Angeles,US,Rosewood Hotel,Luxury Hotel,,,JM,3
Rosewood Bhutan,,PBH,,BT,Rosewood Hotel,Luxury Hotel,,,IS,3
Rosewood Bodrum,,BJV,,TR,Rosewood Hotel,Luxury Hotel,,,HU,3
Rosewood British Virgin Islands,,EIS,,VG,Rosewood Hotel,Luxury Hotel,,,CZ,3
Rosewood Cape Kidnappers,,NPE,,NZ,Rosewood Hotel,Luxury Hotel,,,BW,3
Rosewood Carrasco,,MVD,,UY,Seaside suburb known for its elegant villas,Elite residential,,,BH,3
Rosewood Castiglion del Bosco,,FLR,Firenze,IT,Rosewood Hotel,Luxury Hotel,,,AZ,3
Rosewood Closeburn,,ZQN,,NZ,Rosewood Hotel,Luxury Hotel,,,VC,2
Rosewood Courchevel,,LYS,,FR,Rosewood Hotel,Luxury Hotel,,,TZ,2
Rosewood Dallas,,DAL,Dallas,US,Rosewood Hotel,Luxury Hotel,,,SX,2
Rosewood Galle,,CMB,,LK,Rosewood Hotel,Luxury Hotel,,,SK,2
Rosewood Guangzhou,,CAN,,CN,Rosewood Hotel,Luxury Hotel,,,PA,2
Rosewood Hangzhou,,HGH,,CN,Rosewood Hotel,Luxury Hotel,,,NL,2
Rosewood Hong Kong,,HKG,Hong Kong,HK,Rosewood Hotel,Luxury Hotel,,,NA,2
Rosewood Jackson Hole,,JAC,,US,Rosewood Hotel,Luxury Hotel,,,MK,2
Rosewood Jeddah,,JED,,SA,Rosewood Hotel,Luxury Hotel,,,LK,2
Rosewood Kailua-Kona,,KOA,,US,Rosewood Hotel,Luxury Hotel,,,LB,2
Rosewood Karangasem,,DPS,Bali,ID,Rosewood Hotel,Luxury Hotel,,,KY,2
Rosewood Kranidi,,ATH,,GR,Rosewood Hotel,Luxury Hotel,,,KN,2
Rosewood Kyoto,,KIX,Osaka,JP,Rosewood Hotel,Luxury Hotel,,,IE,2
Rosewood Lake Powell,,PGA,,US,Rosewood Hotel,Luxury Hotel,,,EC,2
Rosewood Lijiang,,LJG,,CN,Rosewood Hotel,Luxury Hotel,,,BL,2
Rosewood Los Cabos,,SJD,Los Cabos,MX,Rosewood Hotel,Luxury Hotel,,,BE,2
Rosewood Luang Prabang,,LPQ,,LA,Rosewood Hotel,Luxury Hotel,,,BB,2
Rosewood Madrid,,MAD,Madrid,ES,Rosewood Hotel,Luxury Hotel,,,AQ,2
Rosewood Magelang,,JOG,,ID,Rosewood Hotel,Luxury Hotel,,,AI,2
Rosewood Marrakesh,,RAK,,MA,Rosewood Hotel,Luxury Hotel,,,AG,2
Rosewood Matauri Bay,,KKE,,NZ,Rosewood Hotel,Luxury Hotel,,,VE,1
Rosewood Menlo Park,,SJC,San Francisco,US,Rosewood Hotel,Luxury Hotel,,,UZ,1
Rosewood Miami Beach,,MIA,Miami,US,Rosewood Hotel,Luxury Hotel,,,UK,1
Rosewood Montecito,,SBA,,US,Rosewood Hotel,Luxury Hotel,,,UG,1
Rosewood Moyo,,LOP,,ID,Rosewood Hotel,Luxury Hotel,,,TN,1
Rosewood Munich,,MUC,Munich,DE,Rosewood Hotel,Luxury Hotel,,,TM,1
Rosewood Nassau,,NAS,,BS,Rosewood Hotel,Luxury Hotel,,,RW,1
Rosewood New York City,,JFK,New York,US,Rosewood Hotel,Luxury Hotel,,,RO,1
Rosewood Ninh Hải,,CXR,,VN,Rosewood Hotel,Luxury Hotel,,,PW,1
Rosewood Niseko,,CTS,,JP,Rosewood Hotel,Luxury Hotel,,,PL,1
Rosewood Nusa Dua,,DPS,Bali,ID,Rosewood Hotel,Luxury Hotel,,,NC,1
Rosewood Pamalican,,TAG,,PH,Rosewood Hotel,Luxury Hotel,,,MZ,1
Rosewood Paris,,ORY,Paris,FR,Rosewood Hotel,Luxury Hotel,,,MM,1
Rosewood Phnom Penh,,PNH,,KH,Rosewood Hotel,Luxury Hotel,,,MF,1
Rosewood Phuket,,HKT,,TH,Rosewood Hotel,Luxury Hotel,,,KG,1
Rosewood Río San Juan,,POP,,DO,Rosewood Hotel,Luxury Hotel,,,IR,1
Rosewood Riviera Maya,,CUN,,MX,Rosewood Hotel,Luxury Hotel,,,IM,1
Rosewood Rosewood,,LHR,London,GB,Rosewood Hotel,Luxury Hotel,,,HR,1
Rosewood Saint Barthélemy,,SBH,,BL,Rosewood Hotel,Luxury Hotel,,,GE,1
Rosewood San Miguel de Allende,,BJX,,MX,Rosewood Hotel,Luxury Hotel,,,GD,1
Rosewood Santa Fe,,SAF,,US,Rosewood Hotel,Luxury Hotel,,,FO,1
Rosewood Sanya,,SYX,Sanya,CN,Rosewood Hotel,Luxury Hotel,,,ET,1
Rosewood São Paulo,,GRU,São Paulo,BR,Rosewood Hotel,Luxury Hotel,,,DK,1
Rosewood Sawai Madhopur,,JAI,,IN,Rosewood Hotel,Luxury Hotel,,,CY,1
Rosewood Shanghai,,PVG,Shanghai,CN,Rosewood Hotel,Luxury Hotel,,,BZ,1
Rosewood Shima,,NGO,,JP,Rosewood Hotel,Luxury Hotel,,,BQ,1
Rosewood Siem Reap,,SAI,,KH,Rosewood Hotel,Luxury Hotel,,,AW,1
Rosewood South Caicos,,PLS,,TC,Rosewood Hotel,Luxury Hotel,,,AM,1
Rosewood Sveti Stefan,,TGD,,ME,Rosewood Hotel,Luxury Hotel,,,,0
Rosewood Tangalle,,HRI,,LK,Rosewood Hotel,Luxury Hotel,,,Grand Total,1251
Rosewood Thimphu,,PBH,,BT,Rosewood Hotel,Luxury Hotel,,,,
Rosewood Tokyo,,NRT,Tokyo,JP,Rosewood Hotel,Luxury Hotel,,,,
Rosewood Ubud,,DPS,Bali,ID,Rosewood Hotel,Luxury Hotel,,,,
Rosewood Vancouver,,YVR,,CA,Rosewood Hotel,Luxury Hotel,,,,
Rosewood Venice,,VCE,,IT,Rosewood Hotel,Luxury Hotel,,,,
Rosewood Vienna,,VIE,,AT,Rosewood Hotel,Luxury Hotel,,,,
Rosewood Washington,,DCA,Washington D.C.,US,Rosewood Hotel,Luxury Hotel,,,,
Saadiyat Island,,AUH,Abu Dhabi,AE,,Elite residential,,,,
Saba,,SAB,,BQ,,Adventure Tourism,,,,
Sahara Desert,,GBE,,BW,,Adventure Tourism,,,,
Saint-Germain-des-Prés,,CDG,Paris,FR,,Elite residential,,,,
Saint-Germain-des-Prés,,ORY,Paris,FR,,Elite residential,,,,
Saint-Tropez,2,NCE,Nice,FR,,Elite residential,,,,
Salamanca,,MAD,Madrid,ES,,Elite residential,,,,
Salta,,SLA,,AR,A charming city in northwest Argentina,Elite residential,,,,
Salterra,,PLS,,TC,Luxury Collection Hotels,Luxury Hotel,,,,
San Isidro,,LIM,,PE,Affluent district with historic mansions,Elite residential,,,,
Sanasaryan Han,,IST,Istanbul,TR,Luxury Collection Hotels,Luxury Hotel,,,,
Sanctuary Cap Cana,,PUJ,,DO,Luxury Collection Hotels,Luxury Hotel,,,,
Sandhurst,,JNB,Johannesburg,ZA,,Elite residential,,,,
Sandhurst,,JNB,,ZA,,Elite residential,,,,
Sandy Lane,,BGI,,BB,,Elite residential,,,,
Sandy Lane,,MBJ,Montego Bay,JM,,Elite residential,,,,
Sankt Gallen,,ACH,,CH,,Elite residential,,,,
Sankt Gallen,,ACH,,CH,,Elite residential,,,,
Sanlitun,,PEK,Beijing,CN,Bustling nightlife district with trendy bars,Elite residential,,,,
Sant Gervasi,,BCN,Barcelona,ES,,Elite residential,,,,
Sant Gervasi,,GRO,Barcelona,ES,,Elite residential,,,,
Sant'Ambrogio,,MXP,Milan,IT,,Elite residential,,,,
Santa Marina,,JMK,,GR,Luxury Collection Hotels,Luxury Hotel,,,,
Santa Monica,,LAX,Los Angeles,US,,Elite residential,,,,
Santa Monica,,SNA,Los Angeles,US,,Elite residential,,,,
Santo Mauro,,MAD,Madrid,ES,Luxury Collection Hotels,Luxury Hotel,,,,
Santorini,,JTR,,GR,,Elite residential,,,,
Santorini (Thira Airport),,JTR,,GR,Iconic Greek island renowned for its stunning sunsets,Elite residential,,,,
Sanya,,SYX,Sanya,CN,,Elite residential,,,,
Sanya EDITION,,SYX,Sanya,CN,EDITION,Luxury Hotel,,,,
Sardinia,,CAG,,IT,,Elite residential,,,,
Saudi Arabian GP,,JED,,,Formula One race held at the Jeddah Corniche Circuit,Elite Destination,21.63194,39.10444,,
Savute Elephant Lodge,,MUB,,BW,,Luxury Hotel,,,,
Schwabing,,MUC,Munich,DE,,Elite residential,,,,
Sentosa Cove,,SIN,Singapore,SG,,Elite residential,,,,
Sequoia Lodge - Exclusive Adults Only Luxury,,ADL,South Australia,AU,Adults-only hotel within Mount Lofty Botanic Garden,Luxury Hotel,,,,
Serengeti National Park,,ARK,,TZ,,Adventure Tourism,,,,
Seychelles,,SEZ,,SC,,Elite residential,,,,
Shanghai,,SHA,Shanghai,CN,,Elite residential,,,,
Shanghai EDITION,,PVG,Shanghai,CN,EDITION,Luxury Hotel,,,,
Shangri-La,,DIG,,CN,An exclusive Tibetan town in Yunnan Province,Adventure Tourism,,,,
Sharq Village & Spa,,DOH,,QA,Ritz-Carlton,Luxury Hotel,,,,
Shaughnessy,,YVR,Vancouver,CA,Historic neighborhood known for its grand mansions,Elite residential,,,,
Shaughnessy,,YVR,Vancouver,CA,,Elite residential,,,,
Shell Bay Club and Resort,,FLL,Miami,US,Auberge Resorts,Luxury Hotel,,,,
Sheraton Addis,,ADD,,ET,Luxury Collection Hotels,Luxury Hotel,,,,
Sheraton Grande Sukhumvit,,BKK,Bangkok,TH,Luxury Collection Hotels,Luxury Hotel,,,,
Sheraton Kuwait,,KWI,,KW,Luxury Collection Hotels,Luxury Hotel,,,,
Shisui,,KIX,Osaka,JP,Luxury Collection Hotels,Luxury Hotel,,,,
Singapore GP,,SIN,,,Formula One race held at the Marina Bay Street Circuit,Elite Destination,1.29153,103.86385,,
Six Senses BHUTAN,,PBH,,BT,Six Senses Resorts,Luxury Hotel,,,,
Six Senses CAMBODIA,,KOS,,KH,Six Senses Resorts,Luxury Hotel,,,,
Six Senses CHINA,,CTU,,CN,Six Senses Resorts,Luxury Hotel,,,,
Six Senses GRENADA,,GND,,GD,Six Senses Resorts,Luxury Hotel,,,,
Six Senses Ibiza,,IBZ,,ES,Six Senses Resorts,Luxury Hotel,,,,
Six Senses INDIA,,DEL,Delhi,IN,Six Senses Resorts,Luxury Hotel,,,,
Six Senses INDONESIA,,DPS,Bali,ID,Six Senses Resorts,Luxury Hotel,,,,
Six Senses ISRAEL,,TLV,,IL,Six Senses Resorts,Luxury Hotel,,,,
Six Senses ITALY,,FCO,,IT,Six Senses Resorts,Luxury Hotel,,,,
Six Senses JAPAN,,ITM,Osaka,JP,Six Senses Resorts,Luxury Hotel,,,,
Six Senses MALDIVES,,MLE,Male,MV,Six Senses Resorts,Luxury Hotel,,,,
Six Senses OMAN,,MCT,,OM,Six Senses Resorts,Luxury Hotel,,,,
Six Senses PORTUGAL,,OPO,,PT,Six Senses Resorts,Luxury Hotel,,,,
Six Senses SAUDI ARABIA,,JED,,SA,Six Senses Resorts,Luxury Hotel,,,,
Six Senses SEYCHELLES,,SEZ,,SC,Six Senses Resorts,Luxury Hotel,,,,
Six Senses Six Senses FIJI,,NAN,,FJ,Six Senses Resorts,Luxury Hotel,,,,
Six Senses Six Senses FRANCE,,LYS,,FR,Six Senses Resorts,Luxury Hotel,,,,
Six Senses SWITZERLAND,,GVA,Geneva,CH,Six Senses Resorts,Luxury Hotel,,,,
Six Senses THAILAND,,USM,,TH,Six Senses Resorts,Luxury Hotel,,,,
Six Senses TURKEY,,BJV,,TR,Six Senses Resorts,Luxury Hotel,,,,
Six Senses VIETNAM,,DAD,,VN,Six Senses Resorts,Luxury Hotel,,,,
Sleeping Indian Lodge,,MTJ,,US,Auberge Resorts,Luxury Hotel,,,,
Sochi,,AER,,RU,,Elite residential,,,,
Sochi,,AER,,RU,,Ski Resort,,,,
Solage,,STS,,US,Auberge Resorts,Luxury Hotel,,,,
Solaz,,SJD,Los Cabos,MX,Luxury Collection Hotels,Luxury Hotel,,,,
Sotheby's Auction House,,LHR,London,GB,Premier auction house specializing,Elite Destination,,,,
South Island,,WKA,,NZ,Hike majestic mountains and cruise through stunning fjords with exclusive lodges offering personalized service and breathtaking scenery.,Adventure Tourism,,,,
South Perth,,PER,,AU,,Elite residential,,,,
South Yarra,,MEL,Melbourne,AU,,Elite residential,,,,
South Yarra,,MEL,Melbourne,AU,,Elite residential,,,,
Spanish GP,,BCN,,,Formula One race held at the Circuit de Barcelona-Catalunya,Elite Destination,41.57,2.26111,,
Spicers Sangoma Retreat,,BNE,Queensland,AU,Fashionable all-inclusive,Luxury Hotel,,,,
Spittal Pond,,BDA,Bermuda,BM,,Elite residential,,,,
Splendido,,GOA,,IT,,Luxury Hotel,,,,
Splendido Mare,,GOA,,IT,,Luxury Hotel,,,,
St. John's,,ANU,,AG,,Elite residential,,,,
St. Moritz,,LUG,,CH,,Elite residential,,,,
St. Moritz,,LUG,,CH,,Ski Resort,,,,
St. Petersburg,,LED,,RU,,Elite residential,,,,
Stanford University,,OAK,San Francisco,US,,University,,,,
Stanly Ranch,,STS,,US,Auberge Resorts,Luxury Hotel,,,,
Suiran,,KIX,Osaka,JP,Luxury Collection Hotels,Luxury Hotel,,,,
Sukhumvit Soi Thonglor,,BKK,Bangkok,TH,Trendy neighborhood known for its upscale restaurants,Elite residential,,,,
Sun Valley,,SUN,,US,,Elite residential,,,,
Sunshine City,,SZX,Shenzhen,CN,Futuristic district with modern skyscrapers,Elite residential,,,,
Susurros del Corazón,,PVR,Puerto Vallarta,MX,Auberge Resorts,Luxury Hotel,,,,
Svalbard,,LYR,,NO,Pristine Arctic wilderness with exclusive expedition lodges and unparalleled polar bear viewing opportunities.,Adventure Tourism,,,,
Sylt,,GWT,,DE,,Elite residential,,,,
Sylt,,GWT,,DE,,Elite residential,,,,
TA'AKTANA,,LBJ,,ID,Luxury Collection Hotels,Luxury Hotel,,,,
Tashkent,,TAS,,UZ,,Elite residential,,,,
Tel Aviv,,TLV,,IL,,Elite residential,,,,
Telluride,,TEX,,US,,Ski Resort,,,,
Teterboro,,EWR,,US,,Elite residential,,,,
The Abu Dhabi Grand Prix,,AUH,Abu Dhabi,AE,Formula One race held at the Yas Marina Circuit,Elite Destination,,,,
The Alexander,,EVN,,AM,Luxury Collection Hotels,Luxury Hotel,,,,
The Art Basel Fair,,MIA,,US,Leading art fair held showcasing contemporary and modern artworks,Elite Destination,,,,
The Art Basel Fair,,HKG,,HK,Leading art fair held showcasing contemporary and modern artworks,Elite Destination,,,,
The Art Basel Fair,,BSL,,CH,Leading art fair held showcasing contemporary and modern artworks,Elite Destination,,,,
The Aspen Institute,,ASE,,US,Nonprofit organization promoting leadership and social impact through conferences and initiatives attended by affluent individuals and philanthropists.,Elite Destination,,,,
The Athenee Hotel,,BKK,Bangkok,TH,Luxury Collection Hotels,Luxury Hotel,,,,
The Azure Qiantang,,HGH,,CN,Luxury Collection Hotels,Luxury Hotel,,,,
The Bishopscourt,,CPT,,ZA,,Elite residential,,,,
The Bund,,SHA,Shanghai,CN,A historic waterfront district with stunning architecture and high-end residences overlooking the Huangpu River.,Elite residential,,,,
The Cadogan,,LGW,London,GB,,Luxury Hotel,,,,
The Cannes Film Festival,,NCE,Nice,FR,Prestigious film festival in Cannes,Elite Destination,,,,
The Capitol,,MEX,Mexico City,MX,,Elite Destination,,,,
The Castle Hotel,,DLC,,CN,Luxury Collection Hotels,Luxury Hotel,,,,
The Davos Forum,,ZRH,Zurich,CH,Elite gathering of global leaders,Elite Destination,,,,
The Doha EDITION,,DOH,,QA,EDITION,Luxury Hotel,,,,
The Dubai EDITION,,DXB,Dubai,AE,EDITION,Luxury Hotel,,,,
The Dunlin,,CHS,,US,Auberge Resorts,Luxury Hotel,,,,
The Faroe Islands,,FAE,,FO,Remote and rugged landscapes with luxury accommodations and exclusive wildlife experiences.,Adventure Tourism,,,,
The Grand National,,LPL,,UK,"A world-famous steeplechase horse race attracting large, fashionable crowds and high-stakes betting.",Elite Destination,,,,
The Gritti Palace,,VCE,,IT,Luxury Collection Hotels,Luxury Hotel,,,,
The Hearst Hotel,,SFO,San Francisco,US,Auberge Resorts,Luxury Hotel,,,,
The Hermitage Hotel,,MON,Canterbury,NZ,,Luxury Hotel,,,,
The Himalayas,,KTM,,NP,,Adventure Tourism,,,,
The Hongta Hotel,,PVG,Shanghai,CN,Luxury Collection Hotels,Luxury Hotel,,,,
The Hotchkiss School,,BDL,,US,,School,,,,
The Hythe,,EGE,,US,Luxury Collection Hotels,Luxury Hotel,,,,
The Inca Trail,,CUZ,,PE,,Adventure Tourism,,,,
The Inn at Mattei’s Tavern,,SBA,,US,Auberge Resorts,Luxury Hotel,,,,
The Jaffa,,TLV,,IL,Luxury Collection Hotels,Luxury Hotel,,,,
The Knox,,DAL,Dallas,US,Auberge Resorts,Luxury Hotel,,,,
The Lanesborough,,LHR,London,GB,Oetker Collection Hotels,Luxury Hotel,,,,
The Lodge at Blue Sky,,SLC,,US,Auberge Resorts,Ski Resort,,,,
The Madrid EDITION,,MAD,Madrid,ES,EDITION,Luxury Hotel,,,,
The Masters Tournament,,AGS,,US,Exclusive golf tournament,Elite Destination,,,,
The Naka Island,,HKT,,TH,Luxury Collection Hotels,Luxury Hotel,,,,
The Nile Ritz-Carlton Cairo,,CAI,,EG,Ritz-Carlton,Luxury Hotel,,,,
The Oberoi,,BLR,,IN,The Oberoi,Luxury Hotel,,,,
The Oberoi,,BOM,Mumbai,IN,The Oberoi,Luxury Hotel,,,,
The Oberoi,,DEL,Delhi,IN,The Oberoi,Luxury Hotel,,,,
The Oberoi,,RAK,,MA,The Oberoi,Luxury Hotel,,,,
The Oberoi Amarvilas,,AGR,,IN,The Oberoi,Luxury Hotel,,,,
The Oberoi Beach Resort,,HRG,,EG,The Oberoi,Luxury Hotel,,,,
The Oberoi Cecil,,DED,,IN,The Oberoi,Luxury Hotel,,,,
The Oberoi Grand,,CCU,,IN,The Oberoi,Luxury Hotel,,,,
The Oberoi Rajvilas,,JAI,,IN,The Oberoi,Luxury Hotel,,,,
The Oberoi Sukhvilas Spa Resort,,IXC,,IN,The Oberoi,Luxury Hotel,,,,
The Oberoi Udaivilas,,UDR,,IN,The Oberoi,Luxury Hotel,,,,
The Oberoi Vanyavilas Wildlife Resort,,JAI,,IN,The Oberoi,Luxury Hotel,,,,
The Ocean Club,,POP,,DO,Luxury Collection Hotels,Luxury Hotel,,,,
The Peak,,HKG,Hong Kong,HK,,Elite residential,,,,
The Pearl,,DOH,Doha,QA,,Elite residential,,,,
The Peninsula Bangkok,,BKK,Bangkok,TH,The Peninsula,Luxury Hotel,,,,
The Peninsula Beijing,,PEK,Beijing,CN,The Peninsula,Luxury Hotel,,,,
The Peninsula Beverly Hills,,BUR,Los Angeles,US,The Peninsula,Luxury Hotel,,,,
The Peninsula Chicago,,ORD,Chicago,US,The Peninsula,Luxury Hotel,,,,
The Peninsula Hong Kong,,HKG,Hong Kong,HK,The Peninsula,Luxury Hotel,,,,
The Peninsula Istanbul,,IST,Istanbul,TR,The Peninsula,Luxury Hotel,,,,
The Peninsula London,,LHR,London,GB,The Peninsula,Luxury Hotel,,,,
The Peninsula Manila,,MNL,,PH,The Peninsula,Luxury Hotel,,,,
The Peninsula New York,,EWR,New York,US,The Peninsula,Luxury Hotel,,,,
The Peninsula Paris,,ORY,Paris,FR,The Peninsula,Luxury Hotel,,,,
The Peninsula Shanghai,,PVG,Shanghai,CN,The Peninsula,Luxury Hotel,,,,
The Peninsula Tokyo,,NRT,Tokyo,JP,The Peninsula,Luxury Hotel,,,,
The Portman Ritz-Carlton Shanghai,,PVG,Shanghai,CN,Ritz-Carlton,Luxury Hotel,,,,
The Reykjavik EDITION,,KEF,,IS,EDITION,Luxury Hotel,,,,
The Ritz-Carlton Abu Dhabi Grand Canal,,AUH,Abu Dhabi,AE,Ritz-Carlton,Luxury Hotel,,,,
The Ritz-Carlton Almaty,,ALA,,KZ,Ritz-Carlton,Luxury Hotel,,,,
The Ritz-Carlton Amelia Island,,JAX,,US,Ritz-Carlton,Luxury Hotel,,,,
The Ritz-Carlton Amman,,AMM,,JO,Ritz-Carlton,Luxury Hotel,,,,
The Ritz-Carlton Aruba,,AUA,,AW,Ritz-Carlton,Luxury Hotel,,,,
The Ritz-Carlton Astana,,NQZ,,KZ,Ritz-Carlton,Luxury Hotel,,,,
The Ritz-Carlton Atlanta,,ATL,Atlanta,US,Ritz-Carlton,Luxury Hotel,,,,
The Ritz-Carlton Bacara Santa Barbara,,SBA,,US,Ritz-Carlton,Luxury Hotel,,,,
The Ritz-Carlton Bachelor Gulch,,EGE,,US,Ritz-Carlton,Luxury Hotel,,,,
The Ritz-Carlton Bahrain,,BAH,,BH,Ritz-Carlton,Luxury Hotel,,,,
The Ritz-Carlton Baku,,GYD,,AZ,Ritz-Carlton,Luxury Hotel,,,,
The Ritz-Carlton Bal Harbour,,FLL,Miami,US,Ritz-Carlton,Luxury Hotel,,,,
The Ritz-Carlton Bali,,DPS,Bali,ID,Ritz-Carlton,Luxury Hotel,,,,
The Ritz-Carlton Bangalore,,BLR,,IN,Ritz-Carlton,Luxury Hotel,,,,
The Ritz-Carlton Beijing,,PEK,Beijing,CN,Ritz-Carlton,Luxury Hotel,,,,
The Ritz-Carlton Beijing Financial Street,,PEK,Beijing,CN,Ritz-Carlton,Luxury Hotel,,,,
The Ritz-Carlton Berlin,,BER,,DE,Ritz-Carlton,Luxury Hotel,,,,
The Ritz-Carlton Boston,,BOS,Boston,US,Ritz-Carlton,Luxury Hotel,,,,
The Ritz-Carlton Budapest,,BUD,,HU,Ritz-Carlton,Luxury Hotel,,,,
The Ritz-Carlton Charlotte,,CLT,,US,Ritz-Carlton,Luxury Hotel,,,,
The Ritz-Carlton Chengdu,,CTU,,CN,Ritz-Carlton,Luxury Hotel,,,,
The Ritz-Carlton Chicago,,ORD,Chicago,US,Ritz-Carlton,Luxury Hotel,,,,
The Ritz-Carlton Cleveland,,CLE,,US,Ritz-Carlton,Luxury Hotel,,,,
The Ritz-Carlton Club Vail,,EGE,,US,,Ski Resort,,,,
The Ritz-Carlton Coconut Grove,,FLL,Miami,US,Ritz-Carlton,Luxury Hotel,,,,
The Ritz-Carlton Dallas,,DAL,Dallas,US,Ritz-Carlton,Luxury Hotel,,,,
The Ritz-Carlton Denver,,DEN,,US,Ritz-Carlton,Luxury Hotel,,,,
The Ritz-Carlton Doha,,DOH,,QA,Ritz-Carlton,Luxury Hotel,,,,
The Ritz-Carlton Dove Mountain,,TUS,,US,Ritz-Carlton,Luxury Hotel,,,,
The Ritz-Carlton Dubai,,DXB,Dubai,AE,Ritz-Carlton,Luxury Hotel,,,,
The Ritz-Carlton Dubai Financial Centre,,DXB,Dubai,AE,Ritz-Carlton,Luxury Hotel,,,,
The Ritz-Carlton Fort Lauderdale,,FLL,Miami,US,Ritz-Carlton,Luxury Hotel,,,,
The Ritz-Carlton Fukuoka,,FUK,,JP,Ritz-Carlton,Luxury Hotel,,,,
The Ritz-Carlton Georgetown,,DCA,Washington D.C.,US,Ritz-Carlton,Luxury Hotel,,,,
The Ritz-Carlton Grand Cayman,,GCM,,KY,Ritz-Carlton,Luxury Hotel,,,,
The Ritz-Carlton Guangzhou,,CAN,,CN,Ritz-Carlton,Luxury Hotel,,,,
The Ritz-Carlton Haikou,,HAK,,CN,Ritz-Carlton,Luxury Hotel,,,,
The Ritz-Carlton Half Moon Bay,,SFO,San Francisco,US,Ritz-Carlton,Luxury Hotel,,,,
The Ritz-Carlton Harbin,,HRB,,CN,Ritz-Carlton,Luxury Hotel,,,,
The Ritz-Carlton Herzliya,,TLV,,IL,Ritz-Carlton,Luxury Hotel,,,,
The Ritz-Carlton Hong Kong,,HKG,Hong Kong,HK,Ritz-Carlton,Luxury Hotel,,,,
The Ritz-Carlton Hotel de la Paix Geneva,,GVA,Geneva,CH,Ritz-Carlton,Luxury Hotel,,,,
The Ritz-Carlton Istanbul,,IST,Istanbul,TR,Ritz-Carlton,Luxury Hotel,,,,
The Ritz-Carlton Jakarta,,CGK,,ID,Ritz-Carlton,Luxury Hotel,,,,
The Ritz-Carlton Jeddah,,JED,,SA,Ritz-Carlton,Luxury Hotel,,,,
The Ritz-Carlton Key Biscayne,,MIA,Miami,US,Ritz-Carlton,Luxury Hotel,,,,
The Ritz-Carlton Koh Samui,,USM,,TH,Ritz-Carlton,Luxury Hotel,,,,
The Ritz-Carlton Kuala Lumpur,,KUL,,MY,Ritz-Carlton,Luxury Hotel,,,,
The Ritz-Carlton Kyoto,,ITM,Osaka,JP,Ritz-Carlton,Luxury Hotel,,,,
The Ritz-Carlton Laguna Niguel,,LAX,Los Angeles,US,Ritz-Carlton,Luxury Hotel,,,,
The Ritz-Carlton Lake Tahoe,,RNO,,US,Ritz-Carlton,Luxury Hotel,,,,
The Ritz-Carlton Langkawi,,LGK,,MY,Ritz-Carlton,Luxury Hotel,,,,
The Ritz-Carlton Los Angeles,,LAX,Los Angeles,US,Ritz-Carlton,Luxury Hotel,,,,
The Ritz-Carlton Macau,,MFM,Macau,MO,Ritz-Carlton,Luxury Hotel,,,,
The Ritz-Carlton Maldives Fari Islands,,MLE,Male,MV,Ritz-Carlton,Luxury Hotel,,,,
The Ritz-Carlton Marina del Rey,,SNA,Los Angeles,US,Ritz-Carlton,Luxury Hotel,,,,
The Ritz-Carlton Maui Kapalua,,OGG,,US,Ritz-Carlton,Luxury Hotel,,,,
The Ritz-Carlton Melbourne,,MEL,,AU,Ritz-Carlton,Luxury Hotel,,,,
The Ritz-Carlton Mexico City,,MEX,Mexico City,MX,Ritz-Carlton,Luxury Hotel,,,,
The Ritz-Carlton Millenia Singapore,,SIN,Singapore,SG,Ritz-Carlton,Luxury Hotel,,,,
The Ritz-Carlton Montreal,,YUL,,CA,Ritz-Carlton,Luxury Hotel,,,,
The Ritz-Carlton Nanjing,,NKG,,CN,Ritz-Carlton,Luxury Hotel,,,,
The Ritz-Carlton Naples,,RSW,,US,Ritz-Carlton,Luxury Hotel,,,,
The Ritz-Carlton New Orleans,,MSY,,US,Ritz-Carlton,Luxury Hotel,,,,
The Ritz-Carlton New York,,EWR,New York,US,Ritz-Carlton,Luxury Hotel,,,,
The Ritz-Carlton Nikko,,NKM,,JP,Ritz-Carlton,Luxury Hotel,,,,
The Ritz-Carlton Okinawa,,OKA,,JP,Ritz-Carlton,Luxury Hotel,,,,
The Ritz-Carlton Orlando Grande Lakes,,MCO,,US,Ritz-Carlton,Luxury Hotel,,,,
The Ritz-Carlton Osaka,,ITM,Osaka,JP,Ritz-Carlton,Luxury Hotel,,,,
The Ritz-Carlton Pentagon City,,IAD,Washington D.C.,US,Ritz-Carlton,Luxury Hotel,,,,
The Ritz-Carlton Perth,,PER,,AU,Ritz-Carlton,Luxury Hotel,,,,
The Ritz-Carlton Philadelphia,,PHL,,US,Ritz-Carlton,Luxury Hotel,,,,
The Ritz-Carlton Portland,,PDX,,US,Ritz-Carlton,Luxury Hotel,,,,
The Ritz-Carlton Pune,,PNQ,,IN,Ritz-Carlton,Luxury Hotel,,,,
The Ritz-Carlton Rancho Mirage,,PSP,,US,Ritz-Carlton,Luxury Hotel,,,,
The Ritz-Carlton Ras Al Khaimah,,RKT,,AE,Ritz-Carlton,Luxury Hotel,,,,
The Ritz-Carlton Residences Waikiki Beach,,HNL,,US,Ritz-Carlton,Luxury Hotel,,,,
The Ritz-Carlton Reynolds Lake Oconee,,ATL,Atlanta,US,Ritz-Carlton,Luxury Hotel,,,,
The Ritz-Carlton Riyadh,,RUH,,SA,Ritz-Carlton,Luxury Hotel,,,,
The Ritz-Carlton San Francisco,,SFO,San Francisco,US,Ritz-Carlton,Luxury Hotel,,,,
The Ritz-Carlton Santiago,,SCL,,CL,Ritz-Carlton,Luxury Hotel,,,,
The Ritz-Carlton Sanya Yalong Bay,,SYX,Sanya,CN,Ritz-Carlton,Luxury Hotel,,,,
The Ritz-Carlton Sarasota,,SRQ,,US,Ritz-Carlton,Luxury Hotel,,,,
The Ritz-Carlton Shanghai Pudong,,PVG,Shanghai,CN,Ritz-Carlton,Luxury Hotel,,,,
The Ritz-Carlton Shenzhen,,SZX,Shenzhen,CN,Ritz-Carlton,Luxury Hotel,,,,
The Ritz-Carlton South Beach,,MIA,Miami,US,Ritz-Carlton,Luxury Hotel,,,,
The Ritz-Carlton St. Louis,,STL,,US,Ritz-Carlton,Luxury Hotel,,,,
The Ritz-Carlton St. Thomas,,STT,,VI,Ritz-Carlton,Luxury Hotel,,,,
The Ritz-Carlton Tenerife Abama,,TFS,,ES,Ritz-Carlton,Luxury Hotel,,,,
The Ritz-Carlton Tianjin,,TSN,,CN,Ritz-Carlton,Luxury Hotel,,,,
The Ritz-Carlton Tokyo,,NRT,Tokyo,JP,Ritz-Carlton,Luxury Hotel,,,,
The Ritz-Carlton Toronto,,YYZ,Toronto,CA,Ritz-Carlton,Luxury Hotel,,,,
The Ritz-Carlton Turks & Caicos,,PLS,,TC,Ritz-Carlton,Luxury Hotel,,,,
The Ritz-Carlton Tysons Corner,,IAD,Washington D.C.,US,Ritz-Carlton,Luxury Hotel,,,,
The Ritz-Carlton Vienna,,VIE,,AT,Ritz-Carlton,Luxury Hotel,,,,
The Ritz-Carlton Washington,,DCA,Washington D.C.,US,Ritz-Carlton,Luxury Hotel,,,,
The Ritz-Carlton Wolfsburg,,HAJ,,DE,Ritz-Carlton,Luxury Hotel,,,,
The Ritz-Carlton Xi'an,,XIY,,CN,Ritz-Carlton,Luxury Hotel,,,,
The Riviera Maya at Kanai EDITION,,CUN,,MX,EDITION,Luxury Hotel,,,,
The Romanos,,KLX,,GR,Luxury Collection Hotels,Luxury Hotel,,,,
The Rome EDITION,,FCO,,IT,EDITION,Luxury Hotel,,,,
The Royal Hawaiian,,HNL,,US,Luxury Collection Hotels,Luxury Hotel,,,,
The Santa Maria,,PTY,,PA,Luxury Collection Hotels,Luxury Hotel,,,,
The Scottish Highlands,,INV,,GB,Dramatic landscapes with exclusive hunting lodges and luxury castles offering a unique and historic getaway.,Elite residential,,,,
The St. Regis Abu Dhabi,,AUH,Abu Dhabi,AE,St. Regis,Luxury Hotel,,,,
The St. Regis Almasa Hotel,,HRG,,EG,St. Regis,Luxury Hotel,,,,
The St. Regis Amman,,AMM,,JO,St. Regis,Luxury Hotel,,,,
The St. Regis Aspen Resort,,ASE,,US,St. Regis,Luxury Hotel,,,,
The St. Regis Astana,,NQZ,,KZ,St. Regis,Luxury Hotel,,,,
The St. Regis Atlanta,,ATL,Atlanta,US,St. Regis,Luxury Hotel,,,,
The St. Regis Bahia Beach Resort,,SJU,,PR,St. Regis,Luxury Hotel,,,,
The St. Regis Bal Harbour Resort,,MIA,Miami,US,St. Regis,Luxury Hotel,,,,
The St. Regis Bali Resort,,DPS,Bali,ID,St. Regis,Luxury Hotel,,,,
The St. Regis Bangkok,,BKK,Bangkok,TH,St. Regis,Luxury Hotel,,,,
The St. Regis Beijing,,PEK,Beijing,CN,St. Regis,Luxury Hotel,,,,
The St. Regis Bermuda Resort,,BDA,,BM,St. Regis,Luxury Hotel,,,,
The St. Regis Bora Bora Resort,,BOB,,PF,St. Regis,Luxury Hotel,,,,
The St. Regis Cairo,,CAI,,EG,St. Regis,Luxury Hotel,,,,
The St. Regis Changsha,,CSX,,CN,St. Regis,Luxury Hotel,,,,
The St. Regis Chengdu,,CTU,,CN,St. Regis,Luxury Hotel,,,,
The St. Regis Chicago,,ORD,Chicago,US,St. Regis,Luxury Hotel,,,,
The St. Regis Deer Valley,,SLC,,US,St. Regis,Luxury Hotel,,,,
The St. Regis Doha,,DOH,,QA,St. Regis,Luxury Hotel,,,,
The St. Regis Downtown Dubai,,DXB,Dubai,AE,St. Regis,Luxury Hotel,,,,
The St. Regis Dubai The Palm,,DXB,Dubai,AE,St. Regis,Luxury Hotel,,,,
The St. Regis Florence,,FLR,Firenze,IT,St. Regis,Luxury Hotel,,,,
The St. Regis Goa Resort,,GOI,,IN,St. Regis,Luxury Hotel,,,,
The St. Regis Hong Kong,,HKG,Hong Kong,HK,St. Regis,Luxury Hotel,,,,
The St. Regis Houston,,IAH,Houston,US,St. Regis,Luxury Hotel,,,,
The St. Regis Istanbul,,IST,Istanbul,TR,St. Regis,Luxury Hotel,,,,
The St. Regis Jakarta,,CGK,,ID,St. Regis,Luxury Hotel,,,,
The St. Regis Kanai Resort Riviera Maya,,CUN,,MX,St. Regis,Luxury Hotel,,,,
The St. Regis Kuala Lumpur,,KUL,,MY,St. Regis,Luxury Hotel,,,,
The St. Regis Kuwait,,KWI,,KW,St. Regis,Luxury Hotel,,,,
The St. Regis La Bahia Blanca Resort,,TNG,,MA,St. Regis,Luxury Hotel,,,,
The St. Regis Langkawi,,LGK,,MY,St. Regis,Luxury Hotel,,,,
The St. Regis Lhasa Resort,,LXA,,CN,St. Regis,Luxury Hotel,,,,
The St. Regis Macao,,MFM,Macau,MO,St. Regis,Luxury Hotel,,,,
The St. Regis Maldives Vommuli Resort,,MLE,Male,MV,St. Regis,Luxury Hotel,,,,
The St. Regis Mardavall Mallorca Resort,,PMI,,ES,St. Regis,Luxury Hotel,,,,
The St. Regis Marsa Arabia Island,,DOH,,QA,St. Regis,Luxury Hotel,,,,
The St. Regis Mexico City,,MEX,Mexico City,MX,St. Regis,Luxury Hotel,,,,
The St. Regis Mumbai,,BOM,Mumbai,IN,St. Regis,Luxury Hotel,,,,
The St. Regis New York,,JFK,New York,US,St. Regis,Luxury Hotel,,,,
The St. Regis Osaka,,ITM,Osaka,JP,St. Regis,Luxury Hotel,,,,
The St. Regis Punta Mita Resort,,PVR,Puerto Vallarta,MX,St. Regis,Luxury Hotel,,,,
The St. Regis Qingdao,,TAO,,CN,St. Regis,Luxury Hotel,,,,
The St. Regis Red Sea Resort,,JED,,SA,St. Regis,Luxury Hotel,,,,
The St. Regis Riyadh,,RUH,,SA,St. Regis,Luxury Hotel,,,,
The St. Regis Rome,,FCO,,IT,St. Regis,Luxury Hotel,,,,
The St. Regis Saadiyat Island Resort,,AUH,Abu Dhabi,AE,St. Regis,Luxury Hotel,,,,
The St. Regis San Francisco,,SFO,San Francisco,US,St. Regis,Luxury Hotel,,,,
The St. Regis Sanya Yalong Bay Resort,,SYX,Sanya,CN,St. Regis,Luxury Hotel,,,,
The St. Regis Shanghai Jingan,,PVG,Shanghai,CN,St. Regis,Luxury Hotel,,,,
The St. Regis Shenzhen,,SZX,Shenzhen,CN,St. Regis,Luxury Hotel,,,,
The St. Regis Singapore,,SIN,Singapore,SG,St. Regis,Luxury Hotel,,,,
The St. Regis Tianjin,,TSN,,CN,St. Regis,Luxury Hotel,,,,
The St. Regis Toronto,,YYZ,Toronto,CA,St. Regis,Luxury Hotel,,,,
The St. Regis Venice,,VCE,,IT,St. Regis,Luxury Hotel,,,,
The St. Regis Washington,,DCA,Washington D.C.,US,St. Regis,Luxury Hotel,,,,
The St. Regis Zhuhai,,ZUH,,CN,St. Regis,Luxury Hotel,,,,
The Tampa EDITION,,TPA,,US,EDITION,Luxury Hotel,,,,
The Tasman,,HBA,,AU,Luxury Collection Hotels,Luxury Hotel,,,,
The TED Conference,,YVR,,CA,Annual gathering of innovators,Elite Destination,,,,
The Tokyo EDITION,,NRT,Tokyo,JP,EDITION,Luxury Hotel,,,,
The Vanderbilt,,PVD,,US,Auberge Resorts,Luxury Hotel,,,,
The Vineta Hotel,,PBI,Miami,US,Oetker Collection Hotels,Luxury Hotel,,,,
The Woodward,,GVA,Geneva,CH,Oetker Collection Hotels,Luxury Hotel,,,,
Thessaloniki One&Only,,SKG,,GR,One&Only,Luxury Hotel,,,,
Tivat,,TIV,,ME,One&Only,Luxury Hotel,,,,
Tokyo EDITION,,NRT,Tokyo,JP,EDITION,Luxury Hotel,,,,
Tolarno Hotel,,MEL,Victoria,AU,,Luxury Hotel,,,,
Toorak,,MEL,Melbourne,AU,,Elite residential,,,,
Toorak,,MEL,Melbourne,AU,,Elite residential,,,,
Torres del Paine National Park,,PUQ,,CL,,Adventure Tourism,,,,
Tortola,,EIS,,VG,,Elite residential,,,,
Tortola,,EIS,,VG,,Elite residential,,,,
Toulon,,TLN,,FR,,Elite residential,,,,
Trancoso,,BPS,,BR,A chic beach destination in Bahia,Elite residential,,,,
Trastevere,,FCO,Rome,IT,,Elite residential,,,,
TriBeCa,,EWR,New York,US,,Elite residential,,,,
Trinity College,,DUB,,IE,,University,,,,
Tryall Club,,MBJ,Montego Bay,JM,,Elite residential,,,,
Tsinghua University,,PKX,Beijing,CN,,University,,,,
Tucker's Town,,BDA,Bermuda,BM,,Elite residential,,,,
Tuscan estates,,FLR,Firenze,IT,,Elite residential,,,,
Uccle,,BRU,,BE,,Elite residential,,,,
Uluru-Kata Tjuta National Park,,AYQ,,AU,Witness the sacred monoliths with luxury lodges offering cultural experiences and desert sunsets.,Adventure Tourism,,,,
United Nations,,JFK,New York,US,,Elite Destination,,,,
United States GP,,AUS,,,Formula One race held at the Circuit of the Americas,Elite Destination,30.13278,-97.64111,,
University of British Columbia,,YVR,,CA,,University,,,,
University of Cambridge,,LCY,London,GB,,University,,,,
University of Chicago,,MDW,Chicago,US,,University,,,,
University of Hong Kong,,HKG,Hong Kong,HK,,University,,,,
University of Illinois at Urbana-Champaign,,CMI,,US,,University,,,,
University of Melbourne,,MEL,,AU,,University,,,,
University of Michigan,,DTW,,US,,University,,,,
University of Oxford,,LGW,London,GB,,University,,,,
University of Pennsylvania,,PHL,,US,,University,,,,
University of Toronto,,YYZ,Toronto,CA,,University,,,,
University of Wisconsin-Madison,,MSN,,US,,University,,,,
Upper East Side,,JFK,New York,US,,Elite residential,,,,
US Capitol,2,DCA,Washington D.C.,US,,Elite Destination,,,,
Ushuaia,,USH,,AR,The southernmost city in the world attracting affluent travelers with its luxury wilderness lodges,Adventure Tourism,,,,
Ushuaia,,USH,,AR,,Elite residential,,,,
Vail,,EGE,,US,,Ski Resort,,,,
Vana Belle,,USM,,TH,Luxury Collection Hotels,Luxury Hotel,,,,
Vaucluse,,SYD,Sydney,AU,,Elite residential,,,,
Vedema,,JTR,,GR,Luxury Collection Hotels,Luxury Hotel,,,,
Venice,,LAX,Los Angeles,US,,Elite residential,,,,
Verbier,,GVA,Geneva,CH,Prestigious Swiss ski resort offering exclusive chalets,Luxury Hotel,,,,
Victoria Falls,,VFA,,ZM,,Adventure Tourism,,,,
Victoria Falls & Okavango Delta,,VFA,,BW,,Adventure Tourism,,,,
Vieux Fort,,UVF,,LC,,Elite residential,,,,
Villa Margherita,,NAP,,IT,,Luxury Hotel,,,,
Villa San Michele,,FLR,Firenze,IT,,Luxury Hotel,,,,
Villa Sant'Andrea,,GOA,,IT,,Luxury Hotel,,,,
Virgin Gorda,,VIJ,,VG,,Luxury Hotel,,,,
Vitacura,,SCL,,CL,Affluent neighborhood known for its high-end apartment buildings,Elite residential,,,,
Wadi Rum Desert,,AQJ,,JO,Experience the beauty of the desert with luxurious glamping experiences and private stargazing sessions.,Adventure Tourism,,,,
West Hollywood,,BUR,Los Angeles,US,EDITION,Luxury Hotel,,,,
West Lake District,,HGH,,CN,Picturesque area featuring historic villas,Elite residential,,,,
West Palm Beach,2,PBI,Miami,US,,Elite residential,,,,
West Vancouver,2,YVR,Vancouver,CA,,Elite residential,,,,
Westdale,,YHM,,CA,Affluent community with stately homes,Elite residential,,,,
Westmount,,YUL,,CA,,Elite residential,,,,
Whale Bay,,BDA,Bermuda,BM,,Elite residential,,,,
Whistler,,YVR,,CA,,Ski Resort,,,,
White Barn Inn,,PWM,,US,Auberge Resorts,Luxury Hotel,,,,
Wildflower Farms,,ALB,,US,Auberge Resorts,Luxury Hotel,,,,
Wildflower Hall,,DED,,IN,The Oberoi,Luxury Hotel,,,,
Williamsburg,,JFK,New York,US,,Elite residential,,,,
Winchester College,,LHR,Winchester,GB,,School,,,,
Wolf Trap National Park for the Performing Arts,,IAD,,,,,,,,
World Economic Forum,2,ZRH,,CH,,Elite Destination,,,,
Wuzhen,,HGH,,CN,An affluent water town near Hangzhou,Elite residential,,,,
Yakushima,,KUM,,JP,Remote island paradise famous for its ancient forests,Adventure Tourism,,,,
Yale University,,HVN,,US,,University,,,,
Yangshuo,,KWL,,CN,A picturesque riverside town in Guangxi Province,Elite residential,,,,
Yosemite National Park,,FAT,,US,,Adventure Tourism,,,,
Zadún,,SJD,Los Cabos,MX,Ritz-Carlton,Luxury Hotel,,,,
Zakopane Ski Resort,,KRK,,PL,,Ski Resort,,,,
Zamalek,,CAI,,EG,,Elite residential,,,,
Ženevský Smíchov,,PRG,,CZ,Upscale area along the Vltava River with modern apartments,Elite residential,,,,
Zhangjiajie National Forest Park,,DYG,,CN,Hike through otherworldly sandstone pillars with upscale hotels offering breathtaking mountain views.,Adventure Tourism,,,,
Zurich,,ZRH,Zurich,CH,,Elite residential,,,,